user_id,product_id,rating,purchased
373,111218,4,True
902,96198,2,True
42,117538,3,False
7,122756,5,False
467,107745,1,False
669,88632,4,False
419,84308,1,True
583,88632,5,True
966,61646,4,False
985,129818,1,False
486,74725,1,True
936,112033,3,False
612,107779,3,True
630,84490,2,True
541,83217,4,False
904,104711,5,True
279,84860,2,True
180,69681,3,True
664,92294,5,True
985,110523,5,True
331,93228,1,True
224,110791,1,True
503,90603,2,False
827,104711,4,True
973,108589,4,True
278,107829,5,True
431,114307,1,True
224,106012,1,True
816,60393,4,False
922,89669,4,True
89,113214,1,True
145,103803,1,False
256,116237,1,False
881,114749,5,True
89,105300,1,True
69,100375,1,True
692,99389,1,True
226,92422,4,False
920,124062,1,False
791,57900,3,False
939,126874,3,True
325,103371,4,False
104,110791,3,False
922,84946,2,False
400,84379,1,False
97,73604,1,True
473,123712,5,True
325,68783,1,False
826,116770,5,True
256,79634,4,False
348,101170,5,True
331,89669,1,False
182,94171,2,False
946,83858,4,False
632,123712,2,False
796,61394,4,True
932,116770,4,False
239,84953,5,True
11,78679,2,True
337,101170,5,True
904,103371,5,False
355,68745,3,True
852,66230,5,True
547,108545,3,True
373,89866,2,True
939,93228,2,True
854,98789,5,True
427,82239,2,True
338,99423,5,True
660,79634,1,False
141,61712,2,False
932,127864,1,False
687,129193,1,False
852,91428,1,False
533,116237,5,True
959,58810,1,True
486,95925,3,True
694,99389,1,True
816,127586,5,False
65,69282,5,False
572,73041,4,False
922,76995,4,False
308,123979,3,False
33,87907,4,True
425,101631,3,True
799,61624,5,False
902,127030,1,True
826,76314,2,True
621,123087,1,True
525,86600,5,True
524,101631,4,False
335,84490,4,True
348,76451,4,True
747,124226,2,True
66,101635,2,False
858,98050,1,True
733,69478,1,True
838,107206,5,True
796,61712,1,False
251,76610,1,True
265,108839,4,False
922,120802,4,False
42,89250,4,True
754,103803,3,False
585,87907,2,False
465,79037,5,True
832,117070,5,False
714,64828,3,False
183,97605,5,True
923,114307,1,False
109,103281,1,False
800,77614,4,False
899,74324,3,True
88,120802,4,False
518,123546,5,True
546,60978,1,True
782,78679,1,True
617,106187,2,False
531,90075,3,False
478,82239,2,False
825,86874,1,True
607,90656,1,False
686,113896,4,True
215,91428,2,True
334,100401,1,True
657,61906,4,True
188,112237,2,False
946,68860,1,True
588,103281,2,True
430,84490,4,True
588,61712,3,True
521,128433,2,True
669,69294,2,True
962,110877,4,True
806,67294,5,True
932,116517,5,True
506,94627,3,True
92,105579,4,True
558,59774,2,False
634,62701,2,True
13,75640,1,False
541,105580,5,False
388,61379,1,False
617,82239,4,True
278,57942,1,False
660,69540,4,False
81,113214,3,True
296,57996,5,True
461,100401,3,False
507,93151,2,True
859,91428,1,False
507,60978,4,False
506,60523,3,False
602,99866,1,True
609,117538,5,True
687,110877,5,True
304,69510,1,False
960,88690,5,True
590,57272,3,True
392,57439,3,True
920,98070,4,False
454,113344,5,False
476,122104,1,True
588,88633,1,True
719,98050,1,False
315,78679,5,False
335,79245,2,False
678,89617,2,False
405,74324,3,False
44,88690,4,False
168,94117,2,True
779,86600,4,True
486,114325,5,True
376,75640,5,False
595,74547,5,False
822,110665,5,True
240,109051,3,True
216,87696,2,False
986,128216,5,True
686,89125,1,False
460,84379,3,False
99,75252,1,False
400,63584,3,False
669,62753,1,False
235,84308,2,False
334,88690,5,False
510,87848,2,True
734,110518,1,False
446,57167,3,True
316,98460,1,True
332,66230,5,True
839,99423,2,False
296,86920,2,True
992,126874,2,False
545,125771,4,False
290,116517,4,False
868,126080,5,False
311,88633,4,False
242,93664,5,True
208,87324,4,False
962,99210,1,False
660,127160,1,True
338,110877,4,True
326,66481,1,True
782,68225,4,True
109,103803,5,False
138,69478,3,False
27,97378,5,True
341,61624,5,True
78,108589,3,False
935,70748,1,True
855,107646,1,False
437,89134,3,False
18,124096,2,True
88,82094,1,True
832,85985,3,True
573,99210,1,False
805,105567,4,False
660,119958,4,False
224,57900,5,False
721,99564,3,True
255,126824,1,True
780,99866,1,False
678,81085,1,False
392,104851,5,True
38,68877,5,False
773,106012,2,False
47,81179,1,False
574,107829,4,False
265,114465,4,False
278,95925,1,True
377,62347,4,False
38,110518,2,False
510,62178,5,True
168,85923,3,False
873,110877,3,False
46,61569,2,True
419,74229,5,False
83,69510,3,True
936,100375,2,True
392,113214,1,False
309,114093,2,True
243,116296,3,True
101,99836,5,True
10,125771,2,True
10,65112,2,False
810,120347,1,True
660,116237,4,True
389,95925,3,False
941,115007,2,True
9,128828,4,False
855,83720,4,True
265,83620,5,False
473,124262,4,False
17,110302,1,True
857,101322,5,False
201,76451,1,True
17,66230,5,True
243,95403,4,False
886,60523,5,False
230,72182,1,False
493,60978,5,False
166,129293,5,False
115,124437,2,False
92,96689,4,True
755,84953,2,True
816,113896,4,True
224,71047,1,True
922,94171,5,True
473,61913,2,False
806,90294,5,False
352,91850,4,False
499,60869,4,False
773,76707,4,True
464,125179,2,False
694,79950,1,True
155,99400,2,False
213,99866,4,True
595,69681,4,False
191,61694,3,False
135,94237,2,False
820,113896,1,False
710,123727,5,True
608,107000,2,True
39,92212,4,False
405,84157,2,False
463,108545,4,False
995,88178,5,True
879,79458,1,True
277,116237,2,False
13,103281,5,False
714,99836,5,True
476,73681,4,False
728,90988,1,False
595,114137,1,True
854,94237,1,True
111,57351,4,True
9,90988,5,False
852,122756,3,True
905,75640,1,False
482,124226,4,True
70,67020,4,False
460,90304,1,False
569,61624,3,True
206,73185,1,True
62,110791,1,True
902,57996,2,True
653,64668,3,True
721,80399,4,False
67,119722,5,True
437,119339,2,True
83,96504,4,True
484,116296,5,False
617,80557,5,True
71,84080,2,False
531,63974,1,True
67,107339,4,True
39,101631,5,True
664,114093,2,True
46,105782,4,False
630,123727,3,True
617,96054,2,False
935,85168,5,False
755,116295,5,False
852,104803,5,False
985,95925,3,False
778,94117,5,True
193,72836,2,True
461,126341,3,False
656,70660,3,True
740,72328,5,True
206,124321,5,True
75,120515,1,False
118,74283,3,True
365,75705,1,False
7,86610,5,False
884,89134,2,True
585,93499,5,True
499,74324,1,True
525,60869,1,False
724,61569,1,True
292,100479,2,True
354,125179,4,False
765,82415,3,True
590,71151,4,True
733,89669,2,False
826,115007,5,False
126,57788,4,False
439,90075,5,True
646,115485,5,False
131,110665,2,True
932,107206,2,True
510,61379,3,True
959,83555,2,True
373,122165,3,True
500,114325,5,False
332,72890,3,False
264,107779,4,False
780,113258,3,True
425,125273,5,False
42,67020,2,False
678,110132,5,True
46,72093,5,True
372,113344,1,False
335,60381,4,True
665,116295,3,True
404,123127,2,True
47,102066,1,False
856,90304,5,True
838,115620,4,True
899,107000,1,False
211,69681,3,True
130,72328,2,False
210,89460,5,False
888,121140,2,True
581,88178,5,True
985,96504,2,False
413,68877,3,True
30,92887,2,False
221,91933,3,True
109,73681,1,False
839,79634,2,False
939,113258,4,False
995,70034,5,True
644,101454,4,True
131,123960,5,True
808,113344,5,False
660,65594,3,True
550,59696,4,True
354,123712,2,True
357,71807,1,False
973,122165,5,False
80,105567,3,True
62,124262,2,True
471,89125,5,False
667,126080,2,True
559,83720,2,True
714,67733,4,True
696,86301,4,False
532,76451,1,True
549,86264,5,True
88,86874,3,False
713,107745,4,False
946,68962,2,False
437,76995,1,True
365,108545,3,False
964,110197,5,False
486,89866,5,True
829,83365,1,False
981,71500,3,True
478,89134,1,False
935,92422,4,False
654,103316,5,False
35,102281,5,False
92,110666,4,True
92,120878,4,False
589,112504,1,True
589,121140,1,False
799,99530,2,True
404,119722,1,True
973,129818,5,False
115,104612,1,False
992,94627,5,False
356,72328,1,False
104,110966,2,True
637,59701,3,True
558,105403,1,True
595,90294,1,True
667,123087,1,False
453,88646,3,True
101,107339,4,True
791,57900,5,True
356,110523,1,True
418,91811,3,True
567,85048,4,False
500,76995,4,False
337,99866,5,True
726,60978,3,True
695,105181,3,True
401,61184,2,True
115,129373,5,False
320,110791,3,False
605,92422,5,True
559,104851,2,False
451,108246,3,True
841,86208,5,False
210,95403,4,False
186,107094,4,True
842,107829,4,True
27,88633,2,False
541,115485,4,True
754,105567,3,False
570,83858,4,True
206,64920,4,True
446,119242,4,True
655,128828,3,False
594,61184,3,True
817,119339,3,True
18,61569,3,True
225,104201,5,False
463,73611,3,True
287,124226,4,True
755,105300,2,True
606,114093,3,False
127,103371,5,True
418,57788,3,True
547,61379,2,True
30,114325,1,False
884,103281,1,True
960,74506,5,True
119,110877,5,False
648,60869,2,True
242,71500,2,True
362,63584,5,False
102,112504,5,True
283,107779,4,False
211,119242,1,True
394,90742,4,False
113,114093,4,False
700,89125,2,True
899,92294,4,False
842,102294,1,False
401,93664,3,False
208,92422,3,True
427,116296,2,True
661,104711,1,False
995,74888,4,False
100,105567,4,True
686,101431,3,False
99,82415,2,False
557,109051,4,False
211,85168,5,True
572,90476,2,False
184,98070,1,False
986,100893,2,True
15,72182,3,True
973,60869,4,True
109,107805,1,False
355,112033,2,False
458,76891,3,True
585,91933,4,False
9,128216,5,True
818,104201,5,False
807,88690,3,True
521,100401,2,False
656,65112,2,False
806,86874,5,True
796,93151,3,True
109,104612,3,False
8,101322,1,True
461,83217,4,False
902,70034,5,False
209,75869,4,False
189,66450,3,True
882,85985,1,False
526,62178,3,True
476,123127,2,False
208,110197,3,False
356,114093,1,True
781,64920,1,True
25,60393,5,True
557,83365,3,True
205,90304,5,True
422,100479,4,False
978,79458,4,False
756,88633,4,False
874,110791,3,False
643,87907,4,False
464,57900,3,True
869,106187,4,True
581,119242,4,False
387,120878,2,False
825,68225,1,False
458,65158,4,False
520,94143,2,True
838,76610,4,False
964,86625,2,True
392,93664,4,True
612,84860,3,False
315,112407,4,False
34,83395,1,False
176,64409,4,False
501,124226,5,False
695,59905,2,True
67,89173,2,True
852,100401,2,False
30,69955,2,False
963,90742,2,True
581,74324,1,True
858,110132,5,False
186,118109,2,False
315,66410,3,True
277,103281,4,False
858,107094,4,False
505,90294,3,False
102,90294,5,True
962,110666,1,False
771,80557,4,False
700,61624,5,True
665,57272,2,False
206,57788,4,True
884,61379,2,False
104,86600,5,True
387,75705,5,False
629,76610,2,False
66,90990,4,True
569,68433,3,True
431,103645,2,True
320,61906,4,False
932,61379,2,False
757,110518,1,True
115,105300,5,True
356,101631,3,True
849,60978,4,False
216,108839,4,False
17,120674,1,True
609,63783,1,False
226,71964,3,True
17,116517,3,True
112,93484,4,False
111,118911,3,True
572,84080,4,True
89,59905,2,False
859,72328,5,True
339,127754,1,True
392,71505,3,False
354,99564,3,True
449,107805,3,True
629,93664,3,False
539,120878,5,False
796,107805,2,False
416,101631,3,True
18,108839,3,True
858,120347,1,False
920,76314,3,True
171,93228,2,False
973,69540,5,True
18,110966,3,False
831,119242,4,False
914,86610,1,False
263,93291,2,False
695,78679,5,False
221,69540,3,False
505,86610,4,True
225,84953,3,True
724,124321,4,True
339,79458,1,False
287,106126,5,True
458,80325,2,False
808,65158,3,False
747,110518,5,True
686,107779,5,False
209,97767,2,False
938,105782,1,True
13,129293,1,True
264,102294,2,True
226,60523,3,False
352,107829,3,True
332,105567,3,False
478,87059,1,True
810,69510,4,False
877,117538,4,False
430,88632,5,True
451,103645,5,False
403,57795,2,True
661,105580,2,False
88,84953,3,False
526,123727,2,False
669,81613,4,False
530,93228,5,True
861,127586,3,True
223,88966,4,False
876,88373,3,True
199,97767,3,False
574,94627,4,True
530,99836,3,False
744,117070,5,False
322,63974,3,True
171,61646,5,False
40,67778,4,False
852,82668,2,False
720,93259,4,True
335,121716,2,True
943,119722,4,True
656,104803,5,False
238,71500,5,True
25,88966,4,True
81,82415,5,False
260,69955,1,True
65,80349,4,True
894,80349,5,True
180,121982,1,True
145,100847,5,False
875,87324,4,False
389,76995,2,True
25,104201,5,True
922,105426,4,False
604,110523,1,True
158,84428,3,False
930,102066,5,False
817,74283,3,True
36,126824,3,False
215,99336,3,False
588,80349,2,True
904,84946,3,False
349,99210,4,True
275,69681,4,True
573,73161,1,False
181,108589,3,False
49,76451,5,True
902,92294,2,True
532,126133,2,True
287,103645,4,False
905,71807,3,False
145,110378,5,False
767,124321,1,False
956,89125,3,True
550,69510,4,True
208,99336,4,False
931,92662,2,False
39,97378,5,False
662,82415,5,True
687,124321,2,True
431,118264,3,True
892,111218,2,True
487,107339,5,False
959,84946,1,False
482,114465,2,False
884,84080,3,True
80,121140,1,True
453,124096,3,False
435,129719,4,False
404,97605,2,True
42,62347,1,False
630,126824,4,True
437,67020,5,False
279,76314,4,False
404,76695,3,False
855,101812,1,True
242,103394,3,True
371,108246,2,True
945,113214,5,False
922,96504,1,True
899,116237,5,False
461,128433,2,False
791,125179,1,False
663,80325,5,True
354,76451,1,False
683,129719,4,False
392,73185,1,False
223,68860,3,False
94,102980,5,False
265,103944,4,False
697,59905,1,True
353,84638,1,False
412,80521,4,False
716,90522,3,True
118,103281,3,True
224,100375,4,False
332,101431,1,True
57,93259,3,True
191,87324,4,False
75,95151,2,True
243,101170,1,True
244,125943,2,True
660,101431,1,True
697,91850,3,False
747,112237,2,True
930,60015,5,False
494,126341,2,True
860,65533,5,True
699,62317,1,False
298,102281,3,True
667,101812,1,False
186,98654,2,False
467,86301,1,True
817,93151,1,True
78,90990,4,True
539,90483,4,False
799,120347,3,True
392,124262,2,False
486,96543,4,True
810,88966,5,False
202,116770,3,False
137,124096,1,True
486,107339,2,False
1000,100262,1,True
886,95403,4,False
530,114749,5,True
581,92662,5,False
992,61349,3,False
945,75252,3,False
656,80446,3,True
556,104851,1,False
607,89250,3,False
474,92521,5,False
831,91428,1,True
765,124262,2,False
963,88633,2,True
973,102066,4,True
243,71964,5,True
589,107779,1,False
721,74725,4,True
606,61913,4,True
895,114325,3,False
80,120515,1,False
326,108298,2,True
244,89250,4,True
683,125179,1,False
590,92887,3,True
437,90476,5,False
232,80557,5,True
99,70034,5,False
208,87634,3,False
425,120713,3,False
779,72836,2,True
293,71807,2,True
401,93228,3,True
303,96054,2,False
384,80446,4,True
339,123712,2,False
628,124226,5,False
335,106012,2,False
517,73185,4,True
958,82094,3,True
544,91933,2,False
412,115620,1,True
478,99210,2,False
667,65127,3,True
158,66481,5,False
94,90990,3,False
362,110486,5,True
632,113344,2,False
606,80557,3,True
806,90304,4,False
969,93499,3,False
712,89460,5,False
36,128828,2,False
660,88670,5,False
493,114465,3,False
831,126280,4,False
604,103316,1,False
713,73706,2,False
292,89751,3,False
606,72093,5,False
266,109051,1,True
139,61569,5,False
888,85985,4,True
46,70800,1,False
973,81613,3,True
521,83858,5,False
90,123979,4,True
46,96144,5,False
844,106126,1,False
224,63974,4,True
876,68783,3,True
653,63783,2,False
304,105579,1,True
123,73681,3,False
525,89250,3,True
467,87696,1,False
316,96198,5,False
914,69282,3,True
607,101431,3,False
474,83217,3,True
25,61379,4,True
939,124262,4,True
736,100881,3,True
128,84490,1,False
304,89617,3,True
224,108589,4,True
884,71807,5,True
67,85048,3,True
63,121575,4,False
178,120347,5,True
765,112407,4,False
832,110197,4,False
630,108758,4,True
939,108545,5,False
235,124226,3,True
232,84780,5,True
211,113214,3,True
863,61184,4,False
656,57900,4,True
720,100401,2,True
882,101170,4,False
454,88560,4,True
13,101431,1,True
86,94143,2,True
562,103394,1,False
992,123262,5,True
63,104803,3,True
952,120347,2,True
154,101322,4,False
198,100881,2,False
70,107805,3,False
308,114474,4,True
385,97767,4,False
226,129719,3,False
400,58466,5,False
114,83365,2,False
265,92422,4,True
710,87696,3,False
780,107829,2,True
204,94357,2,False
191,125318,5,True
128,100250,1,True
206,88373,3,False
8,93484,3,False
225,62078,5,True
118,108758,5,True
44,101812,2,False
17,99423,3,True
242,61184,5,False
643,65908,3,True
373,73185,3,True
985,105782,1,True
686,89617,1,True
771,68847,3,True
712,68962,1,False
184,127586,2,False
354,101431,3,False
43,88178,3,False
395,96198,3,True
630,93756,3,True
154,69294,3,False
695,80399,2,False
406,122311,2,False
473,127030,5,True
334,65172,4,True
844,60381,2,False
524,75030,5,False
235,127030,3,True
88,88690,2,False
112,87525,1,False
810,91428,4,True
800,88966,5,False
920,108545,1,True
468,87525,1,False
152,120802,4,False
549,116295,1,True
278,85168,2,False
145,66527,3,False
530,97506,5,False
18,75869,5,True
520,94237,2,False
208,64920,3,False
244,90838,3,False
683,119958,1,False
24,125771,1,False
219,65158,4,False
89,60869,4,True
715,71807,2,True
435,113780,3,False
757,60554,1,False
602,101134,4,False
664,99400,4,False
700,62178,1,False
75,91811,2,True
18,90803,5,True
886,118911,4,False
713,123960,3,False
966,129818,3,True
468,97506,2,True
551,88633,4,False
939,120713,3,True
94,71500,4,False
948,91428,5,True
416,99389,2,True
80,124062,4,False
516,97600,3,True
899,80325,2,True
718,61468,1,True
694,93499,4,True
158,67294,5,True
512,77614,1,False
40,82239,5,True
934,108758,2,True
189,110302,1,False
720,63783,2,True
953,89751,4,True
595,60393,1,True
521,114325,2,False
104,86301,3,False
531,57795,1,True
38,57264,3,False
215,104201,1,True
18,93484,1,True
355,97605,5,True
712,74324,2,True
203,123979,5,True
510,63656,4,True
205,71500,4,True
805,90075,4,False
392,101866,5,True
80,99423,4,True
469,107646,4,False
692,89250,1,False
902,117070,2,False
521,89250,1,False
879,69681,4,True
899,84157,2,False
699,80242,2,False
558,129719,1,False
242,84379,2,True
558,68847,3,True
61,76314,5,True
531,88560,3,True
520,75640,5,False
778,110378,1,False
101,90603,3,True
461,86874,3,False
939,108298,4,False
112,72890,4,True
245,83395,5,True
788,58810,5,False
487,89460,5,True
537,127160,4,True
842,127030,5,False
205,84638,2,False
65,123262,1,True
488,96144,5,False
733,66507,3,True
679,110518,1,False
646,57900,1,True
602,89866,3,True
71,116770,4,True
128,85048,4,True
247,128433,4,True
183,61569,2,True
178,65594,2,False
787,71964,5,False
904,59696,3,False
754,77884,5,False
640,119339,5,False
525,65127,2,False
418,57351,1,False
923,101431,3,False
42,99203,2,True
656,68400,3,False
155,88646,2,True
463,75252,1,True
461,97506,5,True
733,121140,3,True
251,70800,1,True
296,114465,5,False
506,63656,3,False
744,115485,3,True
26,57167,5,False
63,127754,4,False
145,75159,5,False
115,75159,4,True
518,99336,2,True
816,99836,3,False
911,119958,4,True
13,60869,4,True
50,68225,5,False
817,105580,4,False
992,82239,5,False
22,88630,2,True
902,101812,2,True
426,88632,5,True
934,83365,2,True
259,123087,1,False
729,105580,5,False
10,89751,2,False
919,108298,4,False
137,104851,1,False
212,73681,1,False
35,73706,3,False
238,88646,2,False
130,72182,3,True
430,78116,4,False
844,101170,5,False
88,57351,2,False
127,62701,2,False
165,94357,3,True
541,75085,3,True
383,61379,4,False
602,108589,4,True
564,103281,4,False
193,79950,5,True
652,105181,2,True
930,86920,4,False
651,98654,3,False
226,82415,3,True
810,72573,1,True
765,107779,2,False
113,69955,4,True
139,90988,5,True
446,108545,5,False
309,86625,5,True
180,100250,2,True
662,120878,3,False
558,106195,2,True
460,101134,4,False
748,90656,4,True
558,77439,2,True
682,103281,2,False
106,90075,2,True
268,114325,3,True
556,116295,3,False
190,72182,4,False
919,61913,5,False
145,106126,2,False
467,57795,1,False
995,113258,1,False
346,81085,1,True
287,113258,2,True
439,86280,2,False
494,80349,5,True
494,74547,3,False
463,104201,2,True
630,102066,1,False
88,91428,4,False
303,89669,1,True
8,65172,3,True
822,123127,3,False
757,123979,2,False
914,60523,3,False
718,75640,1,True
353,61394,5,True
97,57439,4,True
718,116296,5,False
460,84308,5,True
259,72836,5,True
75,66507,1,True
632,79499,1,False
752,89173,2,True
486,68602,3,False
120,110197,5,True
812,101134,5,True
63,74547,3,False
394,126080,4,False
969,86874,4,True
80,110132,1,False
973,73185,4,False
973,115485,4,False
478,116295,1,False
609,61694,4,True
184,100881,4,False
813,78679,1,True
498,57351,1,True
126,80521,4,True
281,103944,3,False
127,59696,5,False
636,98460,1,True
773,110302,4,True
833,101322,1,False
879,88560,3,False
664,119958,5,False
304,104612,5,False
325,86625,3,False
7,80349,5,False
191,105181,5,False
589,123712,2,True
530,126874,2,False
160,120347,2,False
422,112407,5,False
297,117032,3,False
400,110665,5,False
332,105300,2,True
22,103281,2,True
771,95151,1,False
66,116296,1,False
226,90990,5,False
710,60393,2,True
572,98654,3,False
938,124226,4,False
999,71964,1,False
422,80032,2,False
208,126280,1,False
858,114474,3,False
576,87907,5,False
183,112033,5,True
788,126080,3,False
349,126080,2,True
782,64828,4,True
689,89460,5,False
180,69955,3,True
589,92662,3,False
707,88373,1,False
841,66410,3,False
465,96198,1,False
344,99389,3,True
319,62347,4,False
556,107745,1,False
332,104711,1,True
251,90803,1,True
46,123960,1,False
565,59774,3,False
500,94627,1,True
176,120655,1,True
669,124062,2,False
810,61349,3,True
796,89751,2,False
494,116237,3,False
328,104612,1,False
128,101866,5,True
608,61184,3,True
439,98654,1,False
18,108298,2,False
502,83620,5,False
473,80032,1,False
115,87059,3,True
539,129719,3,False
103,65330,3,False
838,74547,2,False
573,101431,5,False
526,88646,1,False
724,99400,3,False
922,87831,4,True
170,76000,4,True
827,90742,1,True
630,113344,3,True
118,106126,3,True
226,71500,3,True
101,79634,1,False
80,62178,2,False
458,94117,1,False
650,57167,5,False
686,100881,4,True
692,126080,4,False
669,86280,4,True
859,93756,4,True
180,60667,4,False
311,66450,4,True
637,70748,1,True
917,90990,3,False
451,72182,2,True
211,126133,1,False
467,63783,2,True
213,100424,4,True
71,65389,2,True
603,63974,3,False
188,71236,2,False
736,100424,1,True
660,95925,2,False
810,102281,2,False
740,68847,5,True
871,83365,5,False
244,60554,3,False
817,73611,4,False
24,98404,1,False
945,64180,4,False
894,75085,2,True
601,73041,1,True
167,76695,4,False
259,72890,3,True
719,68602,1,False
188,92662,1,True
487,82239,1,False
678,126874,1,False
852,99389,4,True
469,76610,3,False
268,76891,2,True
458,107779,1,False
158,59701,3,False
446,114465,3,False
852,87525,3,False
686,101812,4,True
152,103371,5,True
383,83365,5,True
991,73161,4,True
383,98050,1,False
36,58352,1,False
512,73041,4,False
590,119242,4,False
297,102066,4,True
244,127864,4,True
152,94627,3,True
808,107646,3,True
26,98050,3,True
713,93664,3,False
17,120515,2,True
936,102294,1,False
995,60381,3,True
648,105300,3,True
852,94357,1,False
581,61913,1,True
175,68398,4,True
612,123727,1,True
526,101812,1,False
328,63677,2,True
447,68602,1,False
268,65158,1,False
806,114465,2,False
936,83395,2,False
819,69955,3,True
199,105426,1,False
180,78679,5,False
46,74506,1,True
446,123712,4,False
205,113750,3,True
431,87059,2,True
518,73041,2,True
594,112797,3,False
80,76610,5,False
719,109137,4,True
964,119242,5,False
550,105762,4,True
205,124321,1,True
581,74229,2,False
521,123127,4,True
145,99836,4,False
931,122756,2,False
822,94627,2,True
383,101866,5,False
786,86920,3,False
650,100424,1,False
551,86280,2,False
235,121982,1,True
353,119339,1,False
449,69955,5,False
42,73041,2,True
226,64828,1,False
721,129373,5,True
94,109496,4,True
211,57795,4,False
519,107094,2,True
255,115007,4,True
779,76891,3,False
914,120347,1,True
796,107206,2,True
210,75085,4,True
932,95853,1,False
165,105426,1,False
464,116237,4,True
695,101635,4,True
278,90304,1,True
576,121982,3,False
404,72093,5,True
404,75705,4,True
618,87634,3,True
754,63677,1,True
205,124437,5,True
829,67020,1,False
973,61468,3,False
736,60393,1,False
619,73681,1,True
932,123127,2,True
400,77614,4,False
40,94143,2,False
838,64180,2,True
884,90304,4,True
235,78116,2,False
644,101866,5,True
238,116517,1,True
678,79317,4,True
660,66481,1,False
498,101812,3,True
995,125318,2,False
65,120655,3,True
49,73706,5,False
520,83225,2,True
108,101322,2,True
265,89173,1,False
492,83225,3,False
617,103803,1,False
966,103944,2,True
736,107829,4,True
309,112033,3,True
854,61913,2,False
487,58098,2,True
992,89134,1,True
835,78679,2,True
47,107758,1,False
113,99586,2,False
213,105579,2,False
748,129373,1,False
841,113750,4,False
621,105580,1,True
478,63677,3,True
70,76995,5,False
756,61712,3,False
902,105567,4,True
691,74229,3,True
240,90294,2,True
755,109136,1,False
403,73604,4,False
101,119339,2,False
756,114325,1,False
695,100881,3,False
654,76757,5,False
498,71500,1,True
686,61646,1,True
795,70800,5,False
453,73161,2,False
630,128408,1,True
226,100881,3,True
953,121140,5,True
326,58466,3,True
661,80032,3,False
1,62753,3,True
882,90838,5,True
266,100194,3,True
573,93664,2,True
447,89751,3,False
571,90803,4,False
277,120713,2,True
719,60381,4,False
973,87907,1,False
683,93228,5,True
225,123712,5,False
330,75490,4,False
401,86301,5,True
180,84080,4,False
3,65158,3,True
298,87525,4,True
621,86264,5,False
946,104711,3,True
660,87848,3,True
904,124437,2,False
176,99530,4,False
771,123087,3,False
889,105300,2,True
461,120144,4,True
966,78803,5,False
296,61906,1,True
311,88966,4,True
791,84157,4,True
158,96144,1,True
886,71500,2,True
165,80325,4,True
180,91933,1,False
224,64409,3,True
881,87696,1,False
713,74506,4,True
238,76695,1,False
352,122311,2,False
787,86301,1,False
650,68745,3,True
404,62347,1,True
242,117070,5,True
3,102066,2,True
13,128216,1,True
724,71236,3,True
873,110877,5,True
679,108589,1,False
193,120713,5,False
224,60869,4,False
18,78803,4,True
70,110877,5,True
25,108589,3,True
946,61646,1,True
938,79634,5,True
245,75705,2,False
10,110877,2,True
749,126080,3,False
961,66034,5,True
255,107094,1,True
567,100881,3,True
229,60978,3,False
299,91428,5,True
632,94237,4,False
943,111218,5,True
60,69478,5,True
38,85168,3,False
500,111218,5,True
444,103645,3,True
412,92212,4,False
818,117032,4,False
613,108839,5,True
385,61906,2,True
852,65908,3,True
50,120144,3,False
40,125273,4,True
296,112033,3,False
520,84080,3,False
715,108589,1,True
909,121982,2,True
639,91428,4,False
45,86018,3,True
632,65172,4,True
218,103394,1,False
310,126133,3,False
458,107000,3,True
500,66507,2,False
225,77614,5,True
243,79950,5,True
486,124437,1,True
344,88793,3,True
201,64668,4,True
520,84379,5,True
199,103371,2,False
675,87634,4,True
895,89134,5,True
42,75640,1,True
661,111218,4,True
97,61349,3,False
307,93499,2,True
467,75490,2,True
870,68398,2,True
461,112033,4,False
728,116770,1,False
210,85168,3,False
180,69681,3,False
773,103944,2,False
145,71236,1,True
692,66527,2,True
11,82239,3,False
7,83395,1,False
28,65389,3,False
771,101134,4,True
404,68962,1,True
788,106187,2,False
874,120144,4,False
174,74229,1,False
855,65908,1,False
755,122165,3,False
995,95853,2,True
255,127160,2,False
404,94143,4,False
608,112237,3,False
533,101322,2,True
170,99203,4,False
520,73185,3,False
67,80349,5,False
771,79499,4,False
718,93484,5,False
871,129067,2,False
13,64409,1,False
80,118911,2,True
215,90522,5,True
183,62701,2,True
404,77884,2,True
669,79037,4,False
827,64409,1,True
379,70660,2,False
718,70034,4,True
521,79245,1,True
503,84946,3,False
65,99866,2,True
202,91850,5,False
612,70034,5,True
235,98070,3,False
99,101431,1,True
755,65172,3,False
425,105580,4,False
974,99423,1,True
10,102294,2,True
128,111228,2,False
92,101170,3,True
632,101170,1,False
424,61379,2,True
103,121716,5,False
304,105300,5,False
684,125771,5,True
551,96543,3,False
22,80446,4,True
383,108758,4,False
251,91850,4,False
936,58098,1,False
549,89669,5,False
604,96689,2,True
521,104612,5,False
771,84900,1,True
835,74725,2,True
557,86920,1,True
951,68962,3,False
652,101134,2,True
799,80032,2,True
205,121982,5,False
259,114749,1,True
530,62753,3,True
330,117538,4,True
617,70034,1,False
822,121575,4,True
226,81179,1,False
966,114465,3,True
191,108246,2,True
581,84953,4,True
634,87831,5,True
529,107758,1,True
546,88966,4,False
300,108589,3,True
733,83479,2,True
712,120655,1,True
330,105403,3,False
230,91811,5,False
630,108589,1,False
529,126133,1,False
404,118109,4,True
425,84428,4,True
53,99586,2,False
25,108589,2,False
689,84946,4,False
454,110302,2,True
199,64409,3,False
200,101635,3,False
476,100893,5,True
75,87059,2,True
859,63584,3,True
817,123960,3,True
882,75490,5,True
419,89617,5,False
259,57900,4,False
42,68745,1,True
476,76695,4,True
807,90483,5,True
767,127160,5,True
186,60667,4,False
463,110378,3,False
657,61624,4,False
484,93664,5,False
293,82415,5,False
97,121575,4,True
17,98460,4,True
392,113780,5,False
714,101322,1,False
180,109051,4,False
469,119722,3,False
503,96543,3,True
331,124736,4,False
446,94707,4,False
684,73604,2,True
660,74547,5,True
660,103645,2,True
209,123727,4,False
700,89125,1,False
788,110518,3,False
812,86874,1,True
695,123727,5,True
392,120674,1,False
54,92422,4,False
259,77614,4,False
951,129067,2,True
141,106195,4,True
182,97605,4,False
354,68398,2,False
554,90656,3,True
747,80446,1,True
922,70978,4,True
70,107000,4,False
17,77614,1,True
13,75705,2,False
554,74506,1,True
113,57795,4,True
183,61646,4,False
170,68860,5,False
750,62347,1,False
808,101322,4,False
871,69510,3,True
796,109496,2,True
232,110132,1,False
530,102980,3,True
561,82668,2,True
235,110132,2,False
520,70800,5,True
392,103944,4,True
660,68433,5,True
886,88632,1,True
747,76695,2,True
494,93259,5,False
219,69955,2,True
859,128259,2,True
467,102294,1,True
518,89250,3,True
687,86920,4,False
40,100401,3,False
238,100881,3,True
473,99423,3,False
304,88178,1,False
7,70034,1,False
905,93499,5,False
545,106012,1,False
507,92662,2,False
720,97506,1,True
602,64415,4,False
608,113896,1,False
191,64409,5,True
331,60554,4,False
939,128259,3,True
782,89617,5,True
404,125943,4,True
590,105567,1,True
704,112407,4,True
529,94171,4,False
135,67733,5,False
421,64415,3,False
689,76314,4,False
392,99210,5,True
49,69478,4,True
795,66230,5,False
556,100401,1,False
810,60667,5,False
930,103316,2,False
447,76314,1,False
494,121982,2,False
585,114093,3,False
545,87059,1,False
437,106195,5,False
319,92422,4,False
490,104201,3,False
335,123087,2,False
300,88633,5,True
847,109051,5,False
787,96504,5,True
812,71047,2,True
863,68877,2,True
852,129067,1,True
148,96689,3,True
65,59701,2,True
810,104201,5,False
9,71807,3,False
662,107206,5,True
243,65533,4,False
810,76757,2,True
729,116296,3,False
546,123546,4,True
373,104201,1,True
595,85168,2,True
927,93228,4,True
17,125179,3,True
478,57492,4,False
962,96543,4,True
753,65127,2,True
660,74283,2,False
255,121140,5,False
665,80325,2,False
899,95925,5,True
573,75509,2,False
991,119958,5,True
581,57942,3,True
18,93499,3,True
833,92294,3,False
353,105567,4,True
92,94627,3,True
839,86874,2,False
281,84308,2,False
428,59701,4,True
444,90838,3,True
841,62753,2,False
10,62701,1,False
215,86264,4,False
773,126341,3,False
877,60869,3,True
905,98179,3,True
211,76314,3,False
392,60393,3,True
226,108545,1,True
657,68398,4,False
602,116517,3,False
198,105567,4,False
412,72093,3,False
506,89751,5,True
113,96689,4,True
990,57942,5,False
206,88646,2,False
81,122165,2,True
97,87696,2,True
771,109496,3,True
932,95853,4,True
750,86301,4,False
193,66410,3,False
286,79634,5,False
884,88690,2,True
907,128259,2,False
914,72836,5,True
24,71807,3,True
542,105426,4,False
334,128408,3,True
377,125943,3,False
632,114137,3,False
786,120802,2,False
33,70660,5,True
546,92887,1,False
729,93291,3,True
199,123727,4,False
170,109137,2,True
401,101134,2,False
991,68745,3,False
462,64828,2,False
608,112237,5,False
145,107206,1,False
886,125771,1,True
914,68400,4,False
62,129818,2,False
230,87059,4,True
176,81613,1,False
79,66230,5,False
39,101134,1,False
240,71807,1,True
403,105567,4,False
806,69294,1,True
126,93756,3,False
199,83620,2,True
260,99210,1,True
487,123727,3,False
829,106012,1,True
225,84746,5,True
223,95403,1,True
101,70034,1,True
75,94171,2,True
943,94143,5,False
57,61694,5,True
46,100262,5,True
917,81179,5,True
558,66481,4,True
17,100847,5,True
75,123712,5,True
927,100194,4,False
963,78803,5,False
46,114465,5,False
201,109496,4,True
694,59905,5,False
264,126874,5,True
526,106126,4,False
476,72328,4,True
747,57900,2,True
148,103645,4,False
745,78679,3,False
963,98460,5,True
629,107758,3,False
710,65172,3,False
640,62701,3,True
357,101170,1,False
920,60554,3,False
486,66230,3,False
696,90522,2,True
684,96198,5,False
842,129067,5,True
160,63783,3,False
609,58466,4,True
111,112237,5,True
3,107779,1,True
518,90656,3,False
47,65330,2,True
962,124096,1,False
384,60978,4,True
827,88560,1,False
205,107805,2,True
39,99210,5,False
695,60869,4,True
394,108354,5,False
371,82676,4,True
335,107646,4,True
240,62753,3,True
889,61349,1,False
256,104803,1,True
13,93756,1,True
104,104803,1,False
78,113214,4,False
636,61379,3,True
469,106187,5,True
346,114307,4,False
530,87634,2,False
771,123960,4,False
500,62078,1,True
266,125179,5,True
852,87696,2,True
449,72328,2,False
936,68962,2,False
111,57492,5,True
205,57942,5,False
309,86018,3,False
70,96054,2,True
860,65172,3,False
946,121140,1,False
458,68225,2,False
699,74725,1,False
643,84953,3,True
251,66450,3,False
109,68860,5,False
243,123712,2,False
539,103281,2,True
827,87831,4,True
283,75509,5,False
437,84379,4,True
94,74888,2,False
310,101812,2,True
588,127754,1,False
229,114307,1,False
507,90742,5,False
283,65158,1,False
293,114474,1,False
694,90304,3,False
817,58810,3,True
689,103803,4,True
494,62753,5,False
719,85048,3,False
297,90656,4,True
25,100424,2,False
3,97600,5,False
145,100250,3,True
653,68847,1,True
1,129719,5,False
838,83620,2,True
686,74324,4,True
251,87525,3,True
178,93484,5,False
47,89669,3,True
53,110378,4,True
847,93291,1,True
363,113344,5,False
686,96543,3,False
561,89669,2,True
970,116770,3,False
660,85923,5,False
226,65172,1,True
416,88373,1,False
113,84900,5,False
495,98179,5,True
633,121982,2,False
687,82668,2,False
215,85923,4,False
699,93664,1,False
698,68602,2,False
779,57272,4,True
507,73161,2,False
449,94117,2,True
883,61184,4,False
461,72182,3,False
381,92212,5,True
718,78803,5,False
337,57900,3,True
259,109137,5,False
565,129067,2,True
841,102294,4,True
669,57996,1,True
945,114307,3,True
242,57788,3,True
612,115485,5,True
842,60393,3,True
41,69282,3,False
779,124096,4,False
180,89751,5,True
986,113780,1,False
754,100477,1,True
311,65127,4,False
797,83225,1,True
454,112797,2,False
796,86208,3,True
557,60523,5,True
10,72836,3,False
932,69294,2,False
713,62317,5,True
104,92422,3,False
286,107094,2,True
838,118109,4,False
118,60393,3,True
713,65330,2,True
167,84746,5,True
608,126874,3,False
749,109496,5,True
383,125771,5,True
550,83555,4,True
200,99389,3,True
224,57942,2,True
484,127160,1,True
412,60015,1,False
39,121140,3,False
297,87767,3,True
165,109051,3,False
640,78116,2,True
40,90483,2,False
57,57351,1,False
240,90803,2,True
838,89250,4,True
841,124096,4,False
311,58352,5,False
104,86610,5,True
240,65594,4,False
642,57264,3,False
363,104851,3,True
581,60393,4,False
547,105782,1,True
90,105426,3,True
612,108589,3,True
852,82676,5,True
384,100250,3,True
602,90603,3,False
835,122104,4,True
771,113896,1,False
711,87848,2,False
54,120802,3,True
13,107779,2,True
25,86874,4,False
473,97378,2,False
186,123727,2,False
606,109137,5,True
403,110966,2,False
292,79499,4,False
538,58352,4,True
817,60381,3,True
594,93151,4,False
922,68745,4,False
886,65724,3,False
235,79634,5,False
281,88633,5,True
92,100847,3,False
357,102294,4,False
664,103281,5,True
467,95925,1,True
698,104851,1,True
884,114474,4,True
973,98598,5,False
243,74506,5,True
795,108354,2,False
67,128779,3,True
696,83555,4,False
135,121140,3,False
67,83479,4,False
695,105579,4,False
537,89460,1,False
166,94143,5,False
505,59701,4,False
842,103394,2,True
747,124062,2,False
461,108839,5,False
546,90294,5,True
304,75705,2,True
344,76757,3,False
401,73611,3,False
973,113214,5,True
219,71047,1,False
392,84860,3,False
512,80349,4,True
243,95151,5,True
190,80032,2,False
829,107000,3,True
122,80399,3,True
686,87767,1,False
446,93228,2,True
73,116770,2,False
205,86920,2,True
771,124096,4,True
437,88966,5,True
608,65127,2,False
882,105579,3,False
849,98070,1,True
136,112797,2,True
65,90304,3,False
995,67294,2,True
320,121982,4,True
530,76695,2,False
215,77614,4,False
537,86264,1,True
224,83858,4,True
884,70748,3,True
216,127864,2,False
259,60667,1,True
985,107829,1,False
525,113896,4,False
28,120515,2,False
238,73041,5,False
104,67020,5,False
710,97506,1,False
275,81613,1,False
150,124262,4,False
255,99866,2,True
188,110302,1,True
199,113780,4,True
102,110302,5,True
501,97605,3,True
354,88373,4,True
720,116295,5,True
695,101812,1,False
292,103803,1,True
960,88632,1,True
384,59696,1,True
80,61712,3,True
315,76695,4,True
832,80557,4,True
40,76610,3,True
567,96504,2,True
245,89460,3,True
946,100375,2,True
462,102281,3,True
80,121716,1,True
200,98460,3,True
256,68783,4,True
716,104201,5,False
62,89751,3,True
661,63584,2,False
992,102294,2,True
330,81179,1,True
667,57795,4,True
695,92422,1,True
7,86280,1,True
813,68225,3,False
128,114325,3,True
838,112237,5,False
891,126874,1,False
888,60523,5,True
80,108839,4,True
791,96054,2,True
389,84308,2,False
787,75869,4,False
451,98179,4,False
733,121716,1,True
339,90476,1,True
822,86920,2,False
473,78803,5,True
713,104851,1,False
952,109496,5,False
243,70748,2,True
106,59696,4,True
9,76314,1,False
728,66481,3,True
806,68847,3,False
679,86610,3,False
39,100881,2,False
787,129373,4,False
881,123546,3,True
94,110378,5,True
204,114307,2,False
130,79458,3,False
938,65389,3,True
413,121982,2,True
556,92521,3,True
544,99400,1,True
697,95403,2,True
446,83555,3,True
875,75869,5,False
43,68225,4,True
876,103944,3,True
279,113258,1,False
530,103645,5,False
601,107094,5,True
389,71236,2,True
463,96144,3,True
11,76695,1,False
465,57439,4,True
682,76995,5,True
49,109496,3,False
45,93151,3,False
871,106012,3,True
103,99866,5,False
63,61712,2,True
546,82668,3,False
962,71500,4,True
643,74324,4,True
461,87767,5,False
884,103645,5,True
127,84428,3,False
203,109137,5,True
509,66507,3,False
437,74229,1,True
660,73041,2,False
405,101431,3,False
18,104612,1,True
255,126874,3,True
817,95925,1,False
466,69955,2,True
145,107745,2,False
403,85923,5,True
816,114093,4,False
473,99586,5,True
158,129373,4,True
990,69478,1,True
986,88793,4,True
320,93484,3,False
418,105579,5,False
873,86018,5,False
687,70034,5,False
632,65908,1,False
930,62753,2,True
476,73681,1,True
412,119339,1,True
697,127864,3,True
86,105567,5,True
137,113780,4,True
907,99203,5,True
458,120802,3,True
437,72836,2,False
842,84080,3,True
803,101631,4,True
344,57795,2,True
810,124321,3,False
755,87696,4,False
808,83858,5,True
467,89669,2,False
806,124226,4,False
234,88793,2,True
215,73161,2,False
720,108246,4,False
778,107758,1,False
530,129719,2,False
322,78803,4,False
165,69681,3,True
952,83858,2,False
759,93484,4,False
858,84428,4,True
178,90803,2,True
9,100194,4,False
425,82676,5,True
516,69510,2,False
999,57264,3,True
602,62753,1,True
536,106126,3,True
404,99389,2,True
573,105782,2,False
995,76000,1,True
112,101635,4,False
304,76891,1,False
609,125771,5,False
654,61349,2,True
609,121716,3,False
749,84746,3,False
494,65594,4,True
660,88560,2,True
80,99210,2,False
73,79245,2,True
905,76314,4,False
713,122203,1,True
80,76314,2,False
595,103803,3,False
963,86600,5,False
7,66230,2,False
372,113214,4,True
389,129293,3,False
934,104201,2,True
932,110486,3,True
876,68860,4,False
451,70034,3,False
334,86301,4,True
713,95403,4,False
689,106126,1,False
695,94357,5,True
551,75490,4,True
787,92212,3,False
462,123546,5,True
978,75030,2,True
825,69681,3,False
871,122915,5,True
71,66450,5,False
351,90656,4,True
473,85168,3,False
404,65127,4,False
797,61694,4,False
550,118264,5,True
484,96689,5,True
221,67778,2,False
667,61184,4,True
247,101635,2,True
308,102294,3,True
643,94143,5,True
7,84953,2,False
607,89866,2,True
473,103944,4,True
551,105580,1,True
330,124736,2,True
449,110523,1,False
512,84946,2,True
791,81085,3,False
588,98404,4,False
251,96504,5,False
383,105300,1,False
167,96689,3,True
934,82094,2,True
654,65172,4,True
17,57788,3,False
439,69478,3,False
11,104612,4,True
300,77884,5,False
451,90656,1,True
243,107000,5,False
787,75509,4,True
583,120655,3,False
486,68225,2,False
240,86625,1,False
934,105579,4,True
314,94171,4,False
819,93573,3,True
88,64180,5,False
138,80521,4,True
762,60015,3,False
818,95151,3,False
377,129293,1,True
761,92212,4,True
13,60667,4,False
964,76757,2,False
707,114465,5,False
332,72890,4,False
96,121716,1,False
521,67294,3,False
225,107745,2,True
389,68398,3,True
104,110378,3,False
339,76314,1,True
962,80521,5,False
103,108545,4,True
473,122756,4,True
351,80521,4,True
517,100401,1,True
97,91063,2,True
500,84080,4,True
365,68962,2,False
619,128433,5,False
96,126874,1,False
899,128216,4,True
652,78803,1,True
419,112237,4,False
922,61349,1,False
985,74506,2,False
588,84490,2,True
287,108589,1,True
806,83365,2,False
884,85985,1,True
800,63584,1,True
297,57351,5,False
176,103803,2,False
852,93151,3,False
630,101635,3,False
335,98460,2,True
224,97600,1,False
796,80557,5,False
66,99423,3,True
833,81179,5,True
235,66450,1,True
311,64409,5,True
425,86610,3,True
595,61184,1,False
67,65533,5,True
740,59701,1,True
847,61906,4,False
128,99564,4,True
923,129067,3,True
281,61712,4,False
963,80399,5,True
778,120144,5,False
474,74324,2,False
275,89134,1,False
439,99564,2,True
18,68847,4,False
243,125179,2,False
684,102980,4,False
636,83858,1,False
665,68400,2,False
919,103281,1,True
506,87634,5,True
352,63677,1,True
230,63677,3,True
694,78803,2,False
30,90294,3,True
669,118109,5,True
139,90988,2,False
745,103803,1,True
883,59701,4,True
565,66507,4,False
49,84780,5,True
73,68745,5,True
78,102294,5,False
458,66230,3,True
426,112504,3,False
75,79458,5,False
46,101635,4,False
636,110132,4,False
675,89250,5,False
697,71151,5,False
81,68847,4,False
387,93259,2,False
657,61646,4,False
844,97605,2,False
617,57167,1,True
973,78116,2,False
259,99203,2,False
608,87831,5,True
88,69955,2,True
595,71047,4,False
478,82415,1,False
287,118109,2,True
78,76695,2,True
461,90483,4,False
355,60393,3,False
636,71151,3,True
268,61468,4,False
960,101134,5,True
945,74229,4,True
115,117070,3,True
516,69955,3,True
30,75640,2,False
574,89866,5,False
602,74506,4,False
581,128408,2,False
486,127030,2,True
962,69681,5,True
389,127586,4,True
495,64409,2,False
446,65172,4,False
755,100479,2,False
154,80325,2,False
135,116517,5,False
251,82239,3,True
501,112033,3,True
537,127160,5,False
952,93291,4,False
85,120878,2,True
551,124321,1,True
874,74888,3,True
39,78116,1,False
85,94117,4,False
630,86018,1,False
224,67778,5,True
138,83395,5,False
226,88690,1,True
447,89751,5,False
16,97605,3,True
786,60667,3,False
602,58466,1,True
588,65127,3,False
746,122311,1,False
118,73681,5,False
219,90483,1,False
113,118911,5,False
884,113750,1,False
946,119958,5,True
458,70800,2,False
454,67294,3,False
449,126133,2,False
632,100401,2,True
461,99400,5,True
404,86208,5,False
371,71047,1,True
812,88670,4,True
296,128216,3,False
606,99203,2,True
265,104201,5,True
42,60869,4,True
844,125179,5,True
914,98404,5,False
139,71236,4,False
69,60015,3,False
57,83720,2,True
325,109137,1,False
806,74506,3,True
796,62753,2,False
756,97600,4,False
852,85048,3,False
39,112797,1,False
40,94707,5,True
8,105567,1,True
734,84080,4,False
498,77439,2,True
211,100893,2,True
230,81613,4,False
574,66034,1,True
886,128828,5,True
281,82668,3,True
636,60978,1,False
109,88690,2,True
720,98050,4,True
652,99866,4,True
26,61468,5,False
40,72328,1,False
9,62317,4,True
421,80521,2,True
609,128408,4,False
171,105782,1,True
861,105567,2,False
808,93573,3,True
315,99203,5,False
484,104261,4,True
494,70978,4,False
822,117032,4,False
464,75869,2,True
946,100847,5,False
145,105403,5,False
808,59696,1,False
139,66034,4,True
636,87525,2,True
79,79634,2,True
914,92662,1,False
933,110302,1,False
771,121140,4,True
437,76995,5,True
663,84860,5,False
765,126280,2,False
422,76891,5,True
590,76000,3,False
964,63656,3,False
771,113344,4,True
451,89751,2,False
661,125273,2,False
541,129293,5,True
405,70748,4,True
632,90990,2,True
94,79458,3,False
404,85048,4,False
650,125943,2,True
245,108589,2,True
114,76891,1,True
75,88690,3,True
778,68962,1,True
953,90990,4,False
325,104363,5,False
399,101635,1,True
473,93228,5,False
871,120802,3,True
176,57900,2,True
711,102066,5,False
812,79458,5,True
938,73604,5,False
154,82415,3,False
899,64180,5,False
49,57795,4,False
800,98404,5,False
221,62178,4,False
243,60393,4,True
718,124096,5,False
510,95925,5,False
206,99530,4,True
800,102980,3,False
676,57492,1,False
226,113893,4,False
346,77884,4,True
608,84080,2,True
413,94357,5,True
204,64409,2,True
73,73161,5,True
388,86280,3,False
392,105782,4,True
296,96689,4,True
243,90656,1,False
8,99586,1,True
613,100401,1,False
876,127030,4,True
656,71807,2,False
11,74725,1,False
544,101134,2,False
294,70800,1,False
713,96504,3,True
630,115007,3,False
294,125179,2,True
531,68398,1,True
109,93664,2,True
679,124437,1,True
536,101431,4,False
416,60554,3,False
604,95151,4,True
155,84746,4,True
875,86600,5,True
492,95925,4,False
356,125318,5,False
46,107339,5,True
251,84080,5,False
290,107745,1,True
316,122165,4,True
838,71236,2,True
974,91428,4,True
791,61646,1,False
521,58810,5,False
858,87696,4,True
49,114749,2,False
807,65158,4,False
13,117538,2,False
158,114749,3,True
392,58098,5,False
224,84490,5,False
660,92662,1,False
224,91933,5,False
817,71151,5,False
956,60869,1,False
656,99836,1,False
660,107805,5,False
765,122165,5,True
945,110197,5,False
787,109496,3,True
427,128408,3,False
656,61379,4,False
392,67733,5,True
454,103281,1,False
155,124437,4,True
175,68962,3,True
88,57272,4,False
817,120347,5,False
18,104363,2,True
606,63974,5,False
215,69540,3,True
137,79037,4,True
421,75640,5,False
226,117070,4,False
712,129719,3,True
119,116237,3,False
66,74506,2,True
634,57272,1,False
978,126280,2,True
383,79317,3,False
746,110302,5,False
112,92294,2,True
667,93151,1,False
311,114093,1,True
81,71964,5,True
451,75252,1,True
958,126133,1,False
13,101134,3,False
973,102980,5,False
669,87525,5,True
884,68860,1,False
215,111228,2,False
22,90522,1,True
298,75159,1,True
550,122104,3,False
212,73185,1,False
806,66034,4,False
632,106195,5,True
478,89134,4,False
752,65172,5,True
892,71505,1,False
839,76451,2,False
211,60015,3,False
463,75705,5,True
748,90476,4,True
943,100401,3,True
852,62701,4,True
505,101134,4,False
319,100401,2,True
981,101322,5,True
332,59774,5,True
746,120713,2,False
476,93291,5,False
894,90075,5,False
256,57996,1,False
392,71047,4,False
114,84900,1,False
606,65158,2,False
259,93499,1,True
115,129818,1,False
813,112033,5,False
392,60869,4,False
212,89751,4,False
300,107000,4,False
778,120713,5,False
10,57942,5,True
240,106126,3,False
852,70034,5,False
675,71047,4,True
446,88178,5,True
695,102066,5,False
235,101866,4,True
439,83365,5,True
245,89751,3,False
655,61913,2,False
943,84308,5,False
394,60978,2,True
451,99836,3,False
888,89134,1,False
581,65127,1,False
773,74229,5,False
952,121575,4,True
404,125273,4,True
761,79037,3,True
881,110666,1,True
184,88670,2,True
266,74283,4,False
810,107745,1,False
35,114137,5,True
629,123960,2,True
564,75085,5,False
699,72836,5,False
203,116092,4,False
461,88632,4,True
632,109136,4,True
617,106126,5,True
608,64415,5,True
40,79950,5,False
256,78679,2,True
873,96054,1,True
782,117032,1,False
431,99836,2,True
506,83620,1,True
632,118109,1,True
113,76610,1,False
371,106012,1,False
797,98460,2,True
382,75869,4,False
426,81179,2,False
733,116296,5,True
667,94143,1,True
17,100477,4,False
923,73611,5,True
655,90522,2,False
259,104711,4,True
686,104803,4,True
259,62317,1,True
817,95403,1,True
817,101170,5,True
590,118109,3,False
687,59905,1,True
686,83720,2,True
852,125179,1,False
439,80521,2,True
391,94357,3,False
243,128408,3,True
186,89250,5,True
615,68962,5,False
692,98050,1,False
826,87767,3,False
36,69294,2,True
806,91428,5,True
213,117032,5,False
399,86920,2,False
27,68400,1,True
595,123127,1,True
403,104612,4,False
66,63783,2,False
238,73604,4,False
308,90803,3,True
15,84379,4,False
894,88793,5,True
632,71500,2,False
171,96504,1,True
894,108758,2,False
995,103645,3,False
431,122165,3,True
973,100847,4,True
494,72093,3,False
852,103944,1,False
96,93228,5,True
948,113214,1,True
736,126824,1,True
439,65389,5,False
761,126824,5,False
486,127864,3,True
558,126341,3,True
372,57439,2,False
932,60554,4,True
757,75869,5,True
826,98404,4,True
538,114465,5,True
211,57272,1,True
930,63974,2,False
60,85923,2,False
973,105403,3,True
81,111218,4,True
454,75252,1,False
503,97506,1,True
232,68860,1,False
150,63584,3,False
135,74725,2,False
46,124437,5,True
123,105300,3,True
34,129719,4,True
349,104261,4,False
810,104201,4,False
936,115007,5,True
382,66034,1,False
468,71964,5,True
69,67294,5,True
104,80399,2,True
311,105426,1,True
30,61349,3,False
154,81179,5,False
842,95853,1,False
861,107829,4,True
973,110132,5,False
80,77614,3,False
102,88630,1,True
243,128216,4,False
639,120802,2,False
297,61184,1,True
229,60015,5,False
260,67020,3,True
852,101866,5,False
46,100424,2,False
683,105300,3,True
536,119339,5,False
812,99586,3,False
858,77439,2,False
981,74506,2,False
165,67020,2,False
70,84490,2,True
720,126341,1,True
874,120713,2,False
510,120655,4,False
759,114137,2,True
382,93664,1,False
922,120713,4,False
136,98654,1,True
92,129719,4,True
510,74547,2,False
539,113780,5,True
858,69510,2,False
128,105300,2,False
278,71047,5,True
779,75159,4,True
676,120713,4,False
683,88793,1,True
537,123727,3,False
542,124226,4,False
827,97506,1,True
546,126080,1,False
632,113780,1,True
710,119242,2,True
531,65594,5,False
263,115007,3,False
796,63584,3,False
205,108545,4,False
296,106126,2,False
696,88632,2,False
354,87907,1,True
30,83620,4,True
265,117070,1,False
628,106195,4,False
211,108246,1,False
713,127864,4,True
964,124262,1,True
123,126874,4,False
655,99389,5,True
854,76695,5,False
170,120347,4,False
197,92521,3,False
307,72573,1,False
601,89751,1,True
388,60978,5,True
353,65112,3,False
66,100262,1,True
251,99530,3,True
757,75252,1,False
588,109137,5,False
537,62178,4,True
160,61913,2,True
388,125318,3,True
78,120515,3,True
180,60015,3,True
761,59701,2,False
88,94627,2,False
12,64828,4,True
388,81613,3,False
421,57942,2,False
858,75869,4,True
531,93484,2,False
507,90075,2,False
242,126280,2,False
308,100401,4,False
755,127030,5,False
310,67020,1,True
694,90656,2,False
240,89866,2,True
644,108545,4,True
711,66450,1,False
189,109137,3,True
899,112033,2,True
351,99400,5,True
334,84953,5,True
545,123127,2,False
771,95151,5,True
247,87907,1,True
108,105403,1,True
315,104363,1,True
875,87634,1,True
629,94143,5,True
319,83365,5,False
208,72573,1,True
260,70800,1,False
286,84080,4,False
973,57900,1,False
667,121575,4,False
407,93573,1,True
268,80557,1,True
406,107000,5,True
171,87696,1,True
412,87907,4,True
945,75640,1,True
36,60393,5,True
894,67778,1,True
588,110197,2,True
800,65172,3,True
278,122104,1,False
698,122104,3,False
304,62347,5,False
372,115007,3,True
155,121982,3,True
88,75490,5,True
756,100194,2,True
841,95853,4,False
839,68398,4,False
275,57351,2,True
158,80557,2,True
877,89669,4,True
372,90742,3,True
945,58352,1,True
919,106195,4,True
11,79634,3,True
923,78116,4,True
985,75705,2,False
1,65594,4,True
679,92212,2,True
718,93573,1,True
9,86874,5,False
113,76000,1,True
632,128216,2,True
478,97506,2,False
573,60667,1,True
607,63656,5,False
881,66034,4,False
733,73611,3,True
564,125179,3,True
842,110302,1,False
721,87848,2,True
778,81613,4,False
130,99866,4,True
852,90988,5,True
985,108246,2,False
888,80446,3,True
24,99866,1,False
41,100401,5,True
130,124096,1,True
525,112407,3,True
713,89460,2,True
468,89134,5,False
710,96198,5,True
911,72093,4,False
24,70748,3,False
392,125273,4,True
520,91811,5,True
186,123979,4,False
686,121982,5,True
810,91811,1,True
208,93573,1,True
7,118264,5,True
817,126874,4,True
1,105782,2,False
287,90294,2,True
53,127754,2,True
895,77884,2,False
604,125179,4,True
914,64920,5,False
92,113258,2,False
404,67778,4,True
67,86625,2,True
311,86264,3,True
404,123127,5,True
643,91850,2,False
919,76707,1,True
891,107758,3,True
384,101812,2,True
474,60869,1,True
212,109136,4,False
113,101635,2,False
844,79634,3,False
297,88966,1,True
520,112504,2,True
180,67733,3,False
108,74888,1,False
683,94237,1,True
889,65172,3,True
594,109496,4,False
695,105579,1,False
467,68847,4,False
612,108589,5,True
62,60869,1,True
939,79499,2,False
541,83555,4,True
603,57264,1,True
894,119722,2,False
12,61569,4,False
202,76995,3,True
221,72836,1,False
42,64828,2,True
348,100881,5,True
115,110197,3,True
12,129719,5,False
962,128259,1,False
639,71047,2,True
526,99400,3,True
218,107206,1,False
787,67733,5,True
325,116237,1,False
780,93499,1,True
247,82676,3,False
148,112033,3,False
46,123087,4,True
464,76314,5,True
204,84490,2,True
678,106187,2,False
856,98654,4,False
810,128259,3,True
70,68433,4,True
958,113214,1,False
888,90988,2,False
825,113214,1,True
678,80325,4,False
545,86625,1,True
816,69294,4,True
895,101812,5,False
963,61468,4,True
713,79634,4,False
630,120515,3,False
154,75159,2,False
660,69282,3,False
962,118264,2,True
79,86600,3,False
193,83479,2,False
782,61184,5,False
181,124226,3,True
416,125273,4,True
637,74506,2,True
914,86625,4,True
175,75085,4,True
926,122104,3,False
547,115485,2,True
994,100401,3,False
304,90656,1,True
499,62701,4,True
773,121716,5,False
657,64668,4,False
243,75869,2,False
934,68745,2,True
825,110302,4,False
576,98460,4,True
503,101812,4,False
309,92422,5,False
310,57351,1,False
260,61349,3,False
335,101631,1,False
990,71236,4,False
613,86208,5,True
392,84780,2,False
959,69510,1,False
603,90522,4,False
678,86018,5,True
665,126341,4,True
298,75490,3,False
698,63656,2,True
696,69478,4,False
718,90656,2,True
868,70800,5,True
543,92887,4,False
61,100479,2,False
26,126824,2,True
791,61694,5,False
392,61349,3,True
919,98598,2,True
184,74725,4,False
595,94237,2,True
141,60523,3,True
813,75159,5,True
550,114137,4,False
435,71236,4,False
904,88690,5,True
533,96543,1,True
678,60667,3,True
713,72182,4,True
810,103316,2,False
315,105300,1,False
174,74725,4,True
585,93573,3,True
66,121982,1,False
656,99423,1,False
41,97600,3,False
243,106195,3,True
500,84308,5,True
224,73161,5,False
310,66034,5,False
473,68783,5,False
520,81179,4,True
541,129719,2,True
654,79950,5,False
473,123127,3,True
418,57272,2,False
341,91933,2,False
771,76451,1,True
907,103645,1,True
838,94237,1,False
168,91850,1,False
92,61913,2,True
602,93664,2,False
782,103316,2,True
894,74547,1,False
839,93664,5,True
221,94117,3,True
209,57996,5,False
188,97600,3,True
889,124321,1,True
476,76000,4,True
193,98070,2,False
183,69681,4,False
449,83217,2,False
869,110791,2,True
70,63584,1,False
651,83217,5,False
761,75705,3,True
226,124062,1,True
109,66527,2,True
139,121982,2,True
407,76757,3,False
590,90304,1,True
80,84946,1,True
756,87907,4,True
61,99203,1,True
473,116517,1,False
847,108354,3,False
67,93573,5,True
711,89460,1,True
88,74229,3,True
315,82676,1,False
962,79458,3,True
752,88630,4,False
15,76610,1,True
500,82668,3,True
507,104201,5,True
721,93259,4,False
782,102294,4,True
995,105403,4,False
570,73681,1,True
170,113258,3,False
344,117538,2,False
687,87848,4,False
922,79245,4,True
315,65158,3,True
311,69540,2,True
47,61569,3,False
733,63584,1,False
115,65330,2,False
49,93151,4,True
26,123546,3,False
75,94707,3,True
985,120878,3,False
820,79317,4,True
696,105579,3,True
50,103803,4,False
877,89669,3,False
337,127754,2,True
193,57788,1,False
932,88630,2,False
463,107094,2,False
704,105567,5,True
849,105181,4,True
210,86301,5,False
325,107805,5,True
102,83217,2,False
219,109496,4,True
286,88373,1,False
462,89866,5,True
810,67294,2,False
154,66450,4,True
349,60978,5,False
951,116296,3,False
145,60393,1,False
44,69955,3,False
526,99564,3,True
412,117070,3,True
404,71236,1,True
787,88632,1,False
655,72093,4,True
661,128408,4,False
428,117032,1,True
326,114474,5,False
855,80521,4,False
17,81179,1,True
686,100847,1,True
158,65158,1,False
97,69478,2,False
901,96144,3,False
922,120655,3,True
309,101322,5,False
18,57795,1,True
633,120144,2,True
24,60554,3,False
424,62078,1,True
247,79245,4,True
922,117538,1,True
871,64668,3,True
96,121575,2,False
990,84860,4,False
387,77884,4,False
990,65330,4,True
79,77614,3,True
346,127160,2,False
238,128433,1,True
810,63677,2,False
951,82676,4,False
311,83365,4,False
684,118109,5,True
886,91933,3,True
118,107829,2,True
208,84746,5,False
152,63584,4,True
206,91428,3,False
879,101631,2,False
419,66034,1,True
545,123262,5,True
817,73041,2,True
243,68398,2,True
729,125943,5,True
473,91933,2,True
428,76757,4,True
320,57492,5,True
888,87324,3,False
53,117538,2,False
203,98179,5,True
382,126824,3,True
331,61624,3,False
960,127754,1,True
779,105300,5,False
588,73161,4,True
167,97378,1,False
759,76891,1,True
181,95853,4,True
111,68433,5,True
296,85923,2,False
65,65127,5,True
453,99336,4,True
251,83620,2,True
8,60381,3,False
710,86874,2,False
373,62753,2,False
827,107206,2,True
71,101170,2,True
279,94627,2,False
168,84860,1,True
389,88690,4,False
859,103371,5,False
183,108545,3,False
113,123087,4,False
953,119242,1,False
982,57900,4,False
820,105580,3,False
7,122104,5,True
547,112797,4,True
462,69540,2,False
372,88633,3,False
829,78679,5,True
97,71964,5,True
395,72573,1,False
787,113893,1,False
135,99423,4,False
810,70978,1,False
712,98460,4,True
158,93664,2,False
136,76314,3,True
617,57351,1,True
138,90304,4,False
47,101866,3,True
97,87696,1,False
473,61349,1,True
995,114465,4,False
603,96504,2,False
951,91063,1,True
960,101134,2,True
224,89125,1,False
168,80557,3,True
160,124226,2,True
210,77439,5,False
473,99400,4,True
174,62317,1,True
152,100479,5,True
169,62347,5,True
612,129067,1,True
530,88560,1,False
689,70800,4,True
265,109137,5,False
595,92294,2,False
7,104803,4,False
922,80557,4,True
104,60381,3,True
841,80399,2,False
1,98654,5,False
999,127586,3,False
715,68860,2,True
787,59696,5,False
656,70748,5,True
858,74547,2,True
787,114093,1,True
858,89617,1,True
841,88630,1,True
952,86301,3,True
711,127160,4,False
541,110791,4,False
856,99423,1,True
842,96689,3,False
720,88793,4,True
407,103371,4,False
892,126341,1,True
700,99389,4,True
601,120515,1,False
963,120878,5,False
654,58810,1,True
558,84780,1,True
492,85985,1,True
205,86625,2,False
559,86625,4,True
992,102281,1,True
399,57900,4,False
193,109051,3,True
718,89617,2,True
651,125943,3,True
181,64668,4,False
449,110966,2,True
526,126874,3,True
298,72836,3,False
8,127160,1,False
719,110665,5,False
209,101170,3,True
852,57788,2,True
773,93499,3,False
399,62178,5,True
412,104261,3,False
39,102281,2,True
190,90742,3,True
7,65724,3,True
825,95925,5,True
959,97506,2,False
215,80399,2,True
243,61913,1,True
155,126280,3,True
806,101170,2,True
930,95151,1,False
529,57351,5,True
183,74725,1,False
13,69294,1,False
526,90483,5,True
963,98050,5,True
643,75869,2,False
388,126874,5,True
353,57900,3,True
65,124736,2,True
387,108589,2,True
352,78116,1,False
852,90988,4,True
589,98654,4,False
539,82415,1,False
894,75705,1,True
216,105403,5,True
660,112033,2,False
139,95853,2,False
148,92212,1,False
630,114307,1,True
182,101631,5,True
49,98070,1,True
1000,98070,3,False
304,108589,5,True
126,108298,1,True
111,93228,3,True
158,60015,2,False
857,59701,4,True
326,90603,4,True
30,73185,2,True
686,73185,1,False
431,99836,2,True
771,61394,3,False
141,60523,3,False
682,84900,3,True
89,93291,2,False
265,111218,2,False
405,76695,1,True
467,88633,1,False
839,86600,3,False
451,87634,3,True
734,69540,4,False
388,97506,5,True
24,84900,4,False
932,117538,3,True
715,116770,3,True
461,105403,1,False
558,72573,5,False
8,85923,1,False
268,61712,4,True
657,99423,5,False
473,99210,2,True
352,86600,2,True
825,90304,5,False
992,108298,1,False
355,79317,5,False
733,90075,1,True
225,62317,1,True
506,88966,3,False
747,99866,4,True
729,79245,4,True
186,76451,4,True
512,107829,3,True
687,107646,2,True
128,72890,5,False
109,74324,5,True
683,81613,3,True
256,75085,1,True
353,62753,4,False
277,98050,1,True
168,119339,3,False
203,69955,4,True
894,100881,2,False
63,65594,4,False
387,128779,2,True
536,72093,5,False
298,124736,1,True
686,110665,2,True
524,120655,3,False
817,104363,3,True
842,66450,4,False
832,63974,5,True
909,68745,1,False
380,104711,4,False
10,124262,1,False
894,67294,1,False
406,83225,5,True
180,113896,4,True
507,123127,2,False
589,73041,3,True
637,105181,4,True
65,68398,4,False
877,113750,5,True
7,117032,3,False
721,59696,4,True
660,87831,1,False
362,68860,1,False
551,71500,5,True
577,70748,1,True
816,68962,2,False
876,61569,3,True
899,123727,2,True
308,129293,5,False
188,110486,4,True
825,118911,4,True
357,107000,3,False
569,120674,2,False
778,87907,1,True
884,88373,1,True
186,113896,2,False
431,105579,2,True
382,106126,1,True
573,86610,2,False
469,88966,3,False
362,100424,3,False
476,77614,1,True
561,71236,3,True
729,81613,2,True
667,77884,5,False
590,94237,5,False
168,84638,5,False
60,106126,3,True
795,100893,1,True
109,105181,2,False
985,108246,5,False
383,75509,4,False
499,128779,5,True
418,89250,4,True
825,107829,4,True
990,87696,4,True
632,78116,2,False
644,88633,4,False
935,64668,1,False
383,113780,1,False
46,103316,4,False
27,110665,4,False
716,101134,3,True
861,103803,5,False
634,112033,2,False
337,75030,4,True
574,100479,1,True
713,113896,1,False
193,96054,4,False
812,57996,3,False
88,99423,4,True
501,106012,3,False
45,115620,5,True
746,87634,1,False
232,72890,1,False
707,93499,5,False
238,80557,3,True
372,99530,3,False
825,87848,1,True
653,61694,5,False
657,112407,3,True
155,122104,5,True
873,76757,2,True
171,66034,5,True
226,113214,4,False
60,89751,4,True
654,105782,4,True
79,110132,1,True
927,62178,1,False
242,105782,1,True
12,115007,4,False
573,79245,2,False
748,72836,5,False
210,93151,3,False
780,109136,3,False
461,84308,5,False
630,74324,4,True
17,69681,2,False
1,116092,5,False
895,65724,4,True
907,128216,1,True
574,59905,3,False
962,95151,4,False
437,71151,1,True
989,75159,4,True
729,57492,5,False
426,74283,3,False
315,90483,4,False
539,119958,3,True
861,122311,1,True
665,89617,4,True
644,87848,5,False
403,76314,5,False
69,72890,4,False
648,123546,4,True
30,120347,2,True
933,116296,1,True
174,127586,2,True
183,98050,5,False
813,105762,1,True
300,84080,3,False
810,122165,4,False
46,75705,1,True
562,100375,1,False
871,86625,2,False
108,93499,1,True
50,107779,2,False
418,101322,3,False
781,86301,5,True
492,86625,4,True
858,116295,3,True
13,89751,3,False
318,114325,2,True
963,112033,4,False
391,57351,4,False
24,90304,2,False
931,68400,5,False
570,82415,2,False
780,119958,3,False
486,97506,5,False
756,72328,1,False
884,90304,5,True
304,116295,3,True
18,68398,3,True
425,107339,5,True
512,105579,1,True
905,119242,5,False
660,107339,4,False
379,75509,1,False
525,108246,4,False
562,94237,3,False
531,88966,1,False
203,71807,3,False
320,57492,5,False
901,96198,4,False
18,65127,2,False
57,84379,3,True
636,70748,4,True
545,61646,4,True
279,121716,3,True
80,96689,3,True
466,64415,1,False
377,105579,5,False
710,90483,5,True
268,86208,4,False
990,68962,4,False
748,62753,2,True
884,108246,4,True
667,90742,1,True
899,87831,4,False
657,68602,3,False
525,99203,3,False
926,100847,2,False
607,93484,4,False
335,66507,5,False
689,99400,4,False
165,72182,4,True
392,99210,1,True
986,116770,2,True
197,126280,4,True
141,58810,5,True
537,129193,1,False
989,101134,2,False
13,82094,3,False
109,61349,3,False
724,92422,2,False
303,63783,3,True
678,74725,2,True
530,114474,2,False
962,124437,5,False
474,118911,3,True
65,82668,1,False
11,127030,1,False
729,122756,1,False
380,100424,4,True
160,86600,3,True
128,105580,4,True
945,60667,3,False
499,65112,3,False
453,80399,1,False
304,67294,4,False
412,118911,4,False
54,112237,4,True
166,66230,4,True
860,110665,2,False
210,125273,3,True
26,73706,2,True
556,76995,1,True
183,116517,2,True
959,65594,2,True
541,110486,1,False
907,120347,2,True
992,123546,3,False
754,59701,5,False
525,125771,2,False
10,62317,1,False
525,88793,3,False
17,72890,4,True
889,103645,3,True
636,123262,5,False
632,65389,2,True
517,105579,4,True
200,106195,1,False
577,61349,4,True
779,79317,5,True
499,65908,3,True
419,94117,2,True
617,89866,1,True
710,57167,5,True
939,99836,5,False
259,90304,4,True
75,74283,3,False
259,110666,5,False
871,72182,5,False
473,84900,4,True
467,90294,3,False
351,61913,4,False
451,86625,1,True
462,65594,2,True
879,116237,5,True
419,70660,5,True
46,124262,2,True
348,110132,2,False
180,86920,1,True
687,91811,1,False
88,107758,4,True
973,112407,5,True
474,59696,4,False
92,122756,4,False
1000,94627,2,False
973,85048,4,True
60,104261,1,False
539,86874,5,True
539,73611,5,True
880,100847,5,True
550,89250,5,False
728,80242,4,False
894,74725,2,False
155,105782,2,False
389,58466,1,True
463,107758,5,False
244,89460,4,False
516,80521,1,False
30,62753,3,False
530,101812,2,True
444,73611,1,True
399,120655,4,False
461,93664,4,True
863,105579,2,True
50,66230,3,True
154,75869,3,True
357,120655,3,True
332,88633,2,True
154,91063,2,False
166,74506,1,False
933,60869,5,True
465,75159,5,True
889,82668,2,False
80,93228,5,False
590,68400,1,False
469,75252,2,False
539,110132,2,False
932,80325,1,True
123,77884,5,True
995,105762,2,True
756,96144,1,True
678,112504,2,True
879,113896,1,False
713,106195,1,True
550,113344,3,False
729,107094,4,False
387,80032,2,True
678,71698,3,True
435,104803,4,True
102,57795,2,False
870,101635,1,True
7,100401,5,False
62,62347,4,True
71,89866,1,False
461,105579,5,True
75,118911,2,True
546,117538,4,True
608,61349,3,False
290,60978,2,True
603,66230,1,True
855,129067,5,True
558,71505,2,True
297,84428,1,True
46,84638,2,False
335,69294,2,False
209,128828,2,False
304,80557,1,True
827,117032,2,True
1,72328,3,False
316,90304,1,True
572,60523,3,False
13,73611,2,True
695,72328,4,False
581,113780,5,True
256,125179,4,False
259,68433,3,False
85,87767,4,True
400,124226,5,False
243,108354,5,False
841,110666,5,False
365,93573,4,False
886,77439,2,True
88,60978,1,True
73,71807,3,True
193,114325,2,True
297,126080,4,False
604,100424,4,True
669,75705,4,False
556,122203,5,False
882,81179,3,True
747,83720,5,True
458,107339,5,False
94,61184,3,True
200,76695,3,True
689,61394,4,False
780,99400,1,False
394,100194,4,True
714,93291,4,True
283,123712,2,False
838,107829,2,True
749,105762,5,True
530,105567,1,False
297,129818,5,False
291,115007,5,True
435,65172,1,False
695,75509,4,False
592,87059,2,False
155,88646,3,True
884,127160,3,False
964,76000,5,True
841,57492,5,False
348,123262,3,True
175,92521,5,False
634,123979,3,True
1000,100847,5,False
191,82239,5,True
946,97378,4,True
465,114307,5,False
842,105567,2,True
510,90075,1,False
858,57492,2,True
795,108354,5,True
281,71236,5,False
335,92662,3,True
96,124226,3,False
962,84780,5,False
707,100479,5,True
484,126874,4,True
710,100250,2,False
686,92294,1,True
24,72328,5,False
858,114749,5,True
573,76757,1,True
109,63584,5,False
180,86920,4,False
279,68860,5,True
75,117032,3,True
526,74547,2,False
999,105300,3,True
229,86920,2,False
211,108589,5,True
590,68962,3,True
446,58466,2,False
530,84946,5,True
62,110518,3,True
373,121140,5,True
888,107339,4,False
816,79499,5,False
788,108839,5,True
158,107339,4,False
936,92521,1,False
158,109137,4,False
469,90294,1,True
215,60667,2,False
81,71047,2,False
465,99530,1,True
354,77884,3,False
640,67778,3,False
713,91063,3,True
88,66450,4,True
744,122756,4,True
973,125179,3,False
94,69478,5,False
38,63584,2,True
260,68877,3,True
40,86208,4,False
567,62178,4,False
825,121716,5,False
617,63584,4,True
994,86625,2,True
930,77614,3,False
744,90988,1,True
894,67733,5,True
573,75509,5,False
632,100477,2,True
771,99836,2,False
938,102294,1,False
113,109136,4,False
810,114474,5,False
431,81613,4,False
550,117070,5,True
642,123546,2,True
646,74506,3,False
39,94143,3,True
178,109137,4,False
114,75030,1,False
526,89866,1,False
304,104261,5,True
969,128779,1,False
198,128828,3,False
259,74324,3,True
615,65724,2,False
550,61468,2,False
874,61468,1,False
242,90990,2,True
712,83365,4,True
191,108589,2,False
573,114325,5,False
265,118109,1,True
85,68602,4,True
61,112504,2,False
62,124062,1,False
932,111218,1,True
235,85985,2,True
115,57795,1,False
612,71047,3,True
454,105567,5,False
502,116237,4,True
388,72836,5,True
332,114465,2,True
404,72093,2,False
839,128779,1,True
70,68745,1,True
88,75705,5,True
692,106012,3,True
81,98050,5,True
884,96543,5,True
260,107779,5,True
160,94627,2,False
526,89751,4,True
421,98460,3,True
639,71807,2,False
734,101134,3,True
212,84746,1,False
131,98050,4,False
888,101866,2,False
767,59774,2,False
18,94117,1,False
376,60523,5,False
856,63584,1,False
243,124062,3,True
218,76707,2,False
298,110132,4,False
461,95403,2,False
247,107745,3,False
160,73681,5,True
268,59701,3,True
138,57795,5,True
315,98070,1,False
259,104363,3,True
936,110791,3,True
293,57900,1,True
502,79037,5,True
180,123262,2,True
419,120713,5,False
404,90838,4,True
478,102980,2,True
662,80349,1,True
419,102281,3,True
652,85985,3,False
773,76610,1,False
869,123262,3,False
353,87634,3,True
787,83720,1,False
656,101866,1,True
212,124321,3,False
791,114137,3,False
547,120347,4,False
500,83225,3,True
382,82239,5,True
154,105579,2,True
679,87696,4,True
215,61624,1,False
536,122203,2,False
465,98654,3,True
810,104612,5,True
158,64180,2,True
817,126824,1,False
352,116517,3,True
112,100262,3,False
263,111228,5,True
952,116237,1,True
42,115007,4,True
193,120674,3,True
852,86874,1,False
973,129293,2,True
439,110132,1,False
145,67778,4,False
354,93228,1,False
894,128779,3,False
569,60667,1,True
308,105580,3,True
791,72573,1,False
571,104201,1,True
118,98179,4,True
904,72890,4,False
348,112407,1,False
148,59774,4,False
70,124437,3,True
224,123727,1,False
106,125943,2,False
33,97605,5,False
550,99836,3,False
49,107206,4,True
320,122915,4,True
268,125179,5,True
166,90656,4,True
675,105403,5,False
41,92662,4,False
894,101322,3,False
10,128779,3,True
130,75869,3,False
200,58810,4,False
531,99400,1,True
779,106195,2,True
531,74547,1,True
861,88646,2,False
861,96689,2,False
886,100424,4,True
418,57439,1,True
352,75252,3,True
881,123127,1,True
546,103281,4,False
678,116295,3,False
530,119242,3,True
424,88178,5,True
546,107805,3,True
226,70660,3,False
204,124262,3,False
418,63783,2,False
884,128828,1,True
554,58352,5,False
603,82668,3,True
380,57788,2,False
166,119958,1,True
209,76451,3,False
127,111218,2,True
844,88670,1,False
719,100847,1,False
240,87634,2,False
536,93291,5,True
61,70034,4,False
191,76995,5,False
47,99866,5,False
215,84428,5,True
394,65127,3,True
943,94171,5,True
35,100424,1,False
604,66527,3,False
842,116770,2,True
894,76610,5,False
325,73681,4,False
389,101431,4,True
886,89125,1,False
119,110966,1,False
926,114307,1,True
700,89866,5,False
215,90483,2,True
931,80349,1,False
935,117032,4,True
517,90990,2,True
562,84157,3,True
886,100847,4,True
1000,112033,3,True
180,73681,5,True
439,97506,3,False
242,92521,1,True
7,74229,1,False
425,96198,3,True
488,76000,5,True
687,60015,4,False
174,89617,5,True
418,92212,5,True
299,71964,5,False
602,75705,4,False
632,63584,4,True
493,76610,1,True
883,74888,2,False
439,63584,5,True
346,86280,5,True
166,123727,2,True
945,80242,2,False
594,79458,3,False
894,65594,1,True
541,87634,1,False
729,89250,3,True
879,74888,1,False
615,57272,3,False
62,107779,1,True
383,101866,5,False
810,63584,2,False
839,120515,4,True
175,107000,4,False
352,120878,3,False
482,102066,5,True
826,114137,5,True
884,80325,3,True
822,90304,4,True
365,70660,3,False
992,105181,2,True
243,72573,4,False
381,120802,4,True
855,113344,1,True
699,68847,1,False
507,98050,5,False
296,104201,4,True
716,101134,5,False
941,100881,5,False
138,75159,5,False
422,97605,4,False
683,65172,2,False
700,65389,5,False
265,98654,2,False
73,75869,5,False
704,65127,3,False
716,96054,3,False
137,73681,2,True
482,123087,3,False
355,80032,3,False
320,113893,2,True
75,84490,1,False
545,57351,3,False
632,71698,5,True
357,124321,3,True
832,96543,4,False
787,83365,2,True
330,90075,3,True
309,92521,4,False
577,57272,2,False
355,94357,1,False
786,86208,5,True
198,57795,2,False
198,80521,3,True
729,111228,1,False
352,72573,4,False
747,60554,1,True
373,87831,4,False
179,65724,3,False
510,69540,4,True
852,93664,2,True
281,126341,5,False
41,90988,2,True
869,107829,3,False
311,75159,3,False
239,127864,4,True
25,118264,1,True
935,86280,3,False
155,61394,5,False
664,84157,2,False
734,90603,3,True
158,90988,1,True
1000,61468,1,False
765,110966,2,True
304,124226,4,False
473,64180,4,False
243,73041,2,True
992,70660,2,False
549,90803,4,True
344,88670,2,False
991,110378,1,False
765,68602,4,True
687,84379,4,False
41,124736,1,False
899,93228,5,True
982,121982,2,False
186,72328,3,True
62,86264,2,False
404,75869,4,False
902,103281,1,False
234,100375,1,True
1,84638,2,False
33,128433,4,False
430,63783,2,False
394,90838,1,False
311,129719,3,True
588,67778,5,False
328,94117,3,True
858,121982,4,True
604,89125,5,False
259,79245,2,False
219,103316,2,True
165,116237,5,True
657,96144,5,True
325,101431,4,True
816,116770,4,False
468,57167,5,False
300,62753,1,False
603,122311,3,True
780,84900,5,False
729,66450,3,False
807,71047,1,False
198,78803,5,True
810,69478,1,True
773,108545,4,True
992,105181,1,False
683,128828,1,False
334,60523,3,False
876,115485,4,True
337,124226,2,True
734,85923,5,False
858,58466,3,True
826,101866,3,True
920,74888,2,True
684,104261,1,True
245,73604,5,False
322,80325,4,True
695,121716,2,False
935,96504,5,False
213,129373,5,True
373,76610,4,True
714,110523,2,False
559,114749,2,True
922,65594,1,False
468,110302,4,False
416,62753,5,False
889,113750,3,False
332,57272,3,True
139,86264,3,False
667,88178,2,False
718,79458,5,False
765,97506,5,True
791,105300,2,True
238,124437,4,True
536,114474,4,True
215,113344,2,True
25,83858,1,False
356,89173,4,True
899,61913,2,True
871,94117,3,True
279,75030,3,True
34,70800,2,True
283,90294,3,True
12,93664,4,False
736,87059,1,True
405,118109,3,True
307,60978,4,True
509,67778,1,False
884,69282,5,False
773,124736,4,True
871,124736,3,True
607,75030,2,False
90,113344,2,True
86,71964,4,False
609,83620,1,False
724,97506,5,False
461,97605,2,False
603,58098,3,True
765,94171,4,True
601,58352,5,False
964,99203,4,True
637,99203,5,False
686,128433,4,False
733,72182,1,True
608,70748,1,True
546,89125,5,True
512,86600,1,False
632,122915,3,True
829,116092,2,True
505,96144,2,True
922,121716,4,False
395,94143,4,True
92,65172,4,False
349,83225,4,False
978,94707,4,True
215,64668,2,True
219,100375,3,False
259,104363,5,False
607,117538,1,True
806,64409,1,False
476,115485,4,False
964,119242,4,False
92,71151,2,False
90,120347,1,True
844,107829,5,True
861,93573,2,True
439,108354,2,True
844,78679,5,True
215,86920,1,True
555,79245,4,False
278,100477,1,True
203,80349,4,False
275,78679,1,False
28,128408,1,False
923,78679,2,True
546,76000,2,True
875,124062,1,False
460,101431,1,True
520,107829,3,False
841,64920,1,True
841,91933,4,True
808,115620,4,False
381,110666,1,True
689,106126,1,True
550,82668,4,True
215,129719,4,True
985,62701,5,True
505,76995,4,False
592,80242,1,False
698,111218,4,False
330,68400,4,True
494,62701,1,True
294,107758,4,False
744,100424,3,True
65,86018,3,True
607,69294,3,False
669,107805,3,True
461,123546,2,False
473,114749,4,False
145,90988,1,False
81,66481,1,True
714,66410,4,False
581,97378,3,False
265,100194,3,True
773,97506,3,True
941,64920,5,False
566,116517,1,True
678,102980,4,False
310,60381,1,False
202,101866,5,False
449,87324,5,False
158,75705,3,False
291,89866,2,False
330,96543,1,True
454,93259,1,True
92,93499,4,False
198,110486,4,False
736,108758,4,False
922,76995,1,False
31,105300,2,True
946,74547,3,False
542,88560,1,True
394,110302,3,True
660,61913,4,False
183,115620,5,False
825,68745,5,True
914,65330,1,False
112,108246,2,True
165,89250,5,False
914,113258,3,True
787,101812,2,False
487,86280,5,True
226,83365,1,False
412,90075,1,False
961,118264,5,True
255,107000,1,True
61,83555,1,False
554,94171,4,True
665,118109,2,False
530,97506,3,False
678,60554,2,True
328,76695,4,True
421,69294,3,False
135,105567,3,True
787,93151,1,True
69,90656,5,True
852,100881,3,True
630,85923,1,True
545,93756,1,False
755,83620,2,False
385,88646,1,False
761,65724,2,True
985,61646,4,True
189,89250,3,False
583,78803,4,True
127,57900,2,True
42,82094,3,False
180,107094,5,True
403,101635,3,False
999,127160,5,False
572,108354,3,False
705,107829,5,False
392,108354,2,False
778,62701,1,True
155,87525,5,False
510,57167,2,False
807,89250,5,False
825,80349,1,True
856,117032,5,False
199,110666,1,False
256,111228,1,True
425,71505,1,True
268,74547,3,True
291,114465,5,True
145,121140,4,False
208,122165,1,False
636,96689,4,True
667,83395,2,False
873,84428,2,False
696,89125,2,False
894,127586,2,False
467,90988,4,False
243,87831,5,False
316,72890,3,True
206,95853,3,True
884,112797,3,False
27,121140,5,True
92,119339,1,True
235,92212,5,False
473,61694,5,True
446,60869,5,False
810,108354,5,False
115,120347,4,True
546,83620,1,False
884,93499,3,False
899,58466,1,True
546,116517,1,False
412,77614,4,False
13,64415,1,False
308,77439,5,False
473,103316,2,False
841,76757,2,False
326,89669,2,True
88,64180,2,False
882,98598,2,False
338,118109,4,True
958,88630,2,True
902,110486,5,False
1000,101454,2,True
166,97506,3,False
454,84080,4,True
99,128779,4,False
260,78116,3,True
1000,86874,5,True
180,69478,5,False
47,122915,4,False
736,114465,1,False
208,119722,5,True
653,118109,1,False
484,90742,4,True
729,127030,1,False
190,65389,5,True
904,77884,5,False
458,110378,1,True
948,63656,3,True
405,60978,4,True
103,120347,3,True
991,79317,1,True
199,71151,2,False
829,77439,4,True
108,65389,3,True
453,86610,5,False
713,101866,1,True
49,116237,5,False
221,72093,1,True
558,98598,4,False
585,104612,3,True
11,68962,5,True
193,120802,4,True
200,116295,4,True
395,123262,1,False
193,103803,4,False
242,88633,5,False
259,120655,1,True
300,74324,2,False
238,65594,2,True
78,104363,3,True
96,60381,4,True
813,65158,5,False
966,76995,5,True
684,101134,4,True
652,109136,4,True
204,84080,1,True
293,94237,1,True
50,114325,3,False
1000,73681,3,True
103,102294,5,False
287,58466,5,True
424,57900,4,True
478,93499,3,False
636,66450,5,True
206,68877,4,True
36,72573,4,False
964,65330,2,True
86,94171,4,False
66,61569,3,True
377,97600,5,True
18,110197,3,False
135,94171,1,False
405,70660,1,False
561,76000,3,True
80,86600,2,True
632,70660,4,True
574,63656,2,False
521,62178,2,True
873,68225,2,True
863,81085,5,True
914,69681,2,False
460,72328,1,True
307,83555,1,False
914,102980,1,False
691,100375,2,False
761,110197,5,False
403,99866,2,False
660,57167,2,False
755,101812,3,False
536,61624,3,False
506,121982,2,True
24,120674,5,False
404,88632,5,True
293,83217,1,False
406,114749,2,False
740,60015,4,False
817,122915,5,False
550,88966,3,True
992,93484,4,False
385,63584,4,True
618,94707,5,True
852,83479,5,True
303,65594,5,False
539,57264,5,False
689,96198,1,True
639,93151,1,False
229,87907,4,False
179,68877,3,True
461,89134,2,True
404,89669,2,True
239,93484,3,False
922,95151,1,False
615,95853,1,False
449,106126,1,True
657,86208,1,False
287,113258,3,True
473,97605,1,False
226,102066,1,False
546,123127,3,True
10,92212,5,False
715,114325,3,False
546,86018,1,False
332,75030,5,True
687,87634,2,False
201,104261,4,True
286,108298,5,True
394,93291,1,False
892,93228,3,True
536,126341,1,True
629,78803,3,True
186,84900,3,True
15,128259,2,True
286,80521,4,True
880,61569,5,True
707,67020,4,False
686,73681,3,True
148,89669,1,True
901,95403,5,True
660,105181,1,True
311,108246,5,False
174,97600,5,True
54,76695,4,True
581,74888,5,True
265,101866,3,False
604,101134,1,False
101,88630,4,False
186,82676,3,True
538,75085,4,False
145,76314,4,True
588,103316,1,True
392,123087,2,False
629,110486,1,False
493,63783,5,False
331,75869,3,True
42,76000,1,False
335,86301,3,False
679,68225,3,False
97,87907,1,False
447,81085,1,False
395,109496,2,False
377,116770,4,False
632,78679,1,False
951,82676,5,True
126,126133,3,True
826,89134,1,True
81,110665,4,False
372,114474,2,True
524,105580,3,False
917,88630,3,True
962,99336,5,False
171,69955,2,True
719,120347,3,False
208,80521,2,True
842,74888,1,True
380,80446,2,True
353,84080,3,False
736,99203,5,True
713,105782,4,True
884,99389,4,True
118,89125,1,False
226,84953,3,False
884,127864,1,False
67,125771,5,False
304,76757,3,True
724,76707,2,True
309,88633,5,False
999,65908,2,True
34,83395,1,False
557,75509,1,False
119,91428,5,True
705,100194,5,False
42,121140,1,True
895,57439,1,False
61,65112,3,False
45,115007,4,True
877,57900,4,False
636,101322,4,True
155,122311,5,False
710,66034,4,False
205,114474,1,True
155,63584,1,True
104,80399,5,True
530,92887,4,False
810,79499,1,True
660,86301,1,True
418,108758,1,False
181,104261,4,False
181,61569,4,True
530,70978,1,True
395,73161,2,True
973,83395,5,True
719,123727,3,True
900,99564,4,False
1000,87634,5,False
901,110132,2,True
870,62317,3,False
232,72328,5,True
216,98460,2,True
65,86874,3,False
549,75640,2,True
155,129818,2,False
932,59701,4,True
521,89866,5,False
510,87831,2,False
7,83479,2,True
238,73161,1,True
278,107206,1,True
518,73604,4,False
224,107094,3,False
235,96054,5,True
795,127864,2,False
62,61694,1,True
995,74506,4,False
13,124226,1,True
141,84490,4,True
536,60978,5,True
167,79634,2,False
661,100375,3,False
796,60667,4,False
686,96144,5,True
612,120655,3,True
264,92422,4,False
816,61184,2,False
447,62701,5,False
687,90988,3,False
888,63677,3,False
564,94237,1,True
852,104363,2,True
657,67778,2,False
189,80557,1,False
817,89751,5,True
405,70978,4,False
899,102294,4,True
484,76757,4,False
581,68433,5,True
595,92294,1,True
778,90522,5,False
215,124096,2,True
650,90990,1,True
733,61646,1,True
339,78679,1,False
201,63783,5,False
943,110966,1,False
473,88670,1,True
304,64180,1,True
661,128216,3,False
632,100477,3,True
667,71151,5,False
471,61184,3,True
89,87696,5,False
667,83395,2,True
362,73681,1,False
275,106187,5,True
275,87059,3,False
127,94171,2,True
720,87324,3,False
213,57167,1,False
595,82094,1,True
695,126280,5,False
746,74283,2,True
469,93499,2,True
318,62317,2,False
418,105782,3,False
992,127586,1,True
981,60554,2,False
363,80349,1,False
771,105567,4,False
334,96504,4,False
500,57788,1,False
38,86600,1,True
180,89751,5,True
208,64409,2,True
636,103281,3,True
889,98654,1,True
255,123712,2,True
81,93499,2,True
546,63656,5,True
92,124096,1,True
148,108246,4,False
106,109137,1,True
148,102066,5,False
612,123979,2,False
607,73041,2,False
608,97605,5,True
296,95403,1,False
461,86610,1,True
49,71500,2,False
407,97378,2,True
576,65158,3,True
530,77884,3,True
810,67020,2,True
917,93664,2,True
449,109136,3,False
557,92887,2,True
109,72093,4,False
473,83479,1,True
392,65533,3,False
854,65594,5,False
861,96543,1,True
654,93664,1,False
506,61468,3,True
18,81179,1,False
648,60667,1,True
778,101635,2,False
882,115620,1,True
463,93259,1,True
381,90742,1,True
695,110877,4,True
1000,124096,4,False
529,58810,2,False
208,71807,4,True
871,86280,4,False
474,105567,4,True
914,121716,3,False
926,88560,2,False
713,70748,1,True
36,62347,1,True
734,123546,2,True
870,63677,2,True
686,99400,4,True
49,83217,3,True
490,65389,2,False
550,95925,1,False
439,104851,2,False
817,101322,4,True
39,97506,2,True
66,83720,4,True
28,76314,3,False
473,68783,3,False
223,91933,3,False
152,89669,5,True
471,64668,5,True
795,74547,4,True
309,98460,5,False
787,129719,2,False
145,71698,5,True
932,101170,3,True
990,99203,1,False
27,114749,1,True
660,61913,4,False
205,123127,5,False
882,59701,2,True
992,113750,4,True
839,123727,3,False
573,86208,4,True
296,75509,5,True
697,76314,5,True
744,68962,4,False
1000,59701,1,False
71,125179,1,False
754,121575,1,False
326,114307,5,False
909,57900,1,True
206,65533,4,False
42,92662,5,True
520,66507,5,False
482,96198,5,False
756,64828,5,False
899,105762,1,False
224,98789,5,True
985,70748,4,False
463,73681,5,False
682,90988,1,False
561,101812,5,True
894,124736,3,False
662,93573,2,True
601,100375,4,True
158,100424,5,True
166,65594,3,True
729,114307,2,False
355,68400,4,True
899,120674,3,True
643,61184,1,True
858,94627,1,True
67,107745,3,False
545,115620,5,False
47,93151,5,True
707,87696,5,False
122,107829,1,False
268,107805,1,False
891,80325,2,False
576,107805,2,True
960,95925,5,True
255,114465,1,False
914,87059,4,False
820,103944,5,False
786,99866,2,True
226,86600,4,False
817,70660,1,False
986,73681,5,True
500,66527,5,False
351,59701,2,False
13,69681,5,False
963,96504,3,False
404,58098,3,False
900,78803,2,True
180,80325,1,False
34,84638,2,False
405,80521,4,False
606,84780,5,False
461,77439,2,False
694,73161,2,False
930,85048,1,True
259,119339,1,False
632,58098,1,True
141,111228,5,False
461,95403,4,False
453,93664,5,True
348,114093,4,True
83,82239,3,True
311,110518,2,False
389,110666,1,True
841,77884,4,False
643,100881,1,True
935,109051,4,False
275,86920,2,False
42,67294,2,True
973,93499,2,True
546,61394,3,False
900,88632,3,True
186,57788,3,False
346,113893,4,False
460,73604,3,True
80,61394,4,False
238,62347,2,False
466,90988,5,True
464,60523,5,True
208,110486,3,True
351,114307,1,True
36,71047,5,True
717,86625,4,True
576,91850,2,False
546,99530,1,False
494,95151,1,True
810,90742,5,False
992,101322,2,False
530,93228,5,True
819,83555,1,True
819,84428,3,True
171,116237,5,False
962,125273,3,False
405,68962,2,False
218,123712,3,True
615,75640,1,True
520,117070,2,False
795,93228,3,True
387,64180,1,True
656,112237,2,True
907,99530,4,True
337,113750,4,True
230,65594,3,True
30,61712,3,True
698,87907,4,False
952,88793,5,False
516,105762,4,True
328,128259,4,True
899,98598,3,False
922,96054,4,True
932,72182,3,False
482,114137,4,True
613,116770,5,True
826,111218,1,False
909,124736,5,True
395,64409,2,False
54,88633,2,True
601,74888,5,True
486,111228,3,False
859,59696,4,False
894,92294,2,False
886,62701,3,True
47,92521,4,True
394,74506,3,True
669,76451,3,True
310,88690,1,True
592,88560,2,True
310,96689,2,True
884,100194,5,True
650,114325,1,True
167,84080,4,True
810,68877,3,False
244,105762,2,False
473,101866,1,True
155,75085,3,True
352,76707,3,False
10,98598,2,True
953,84157,5,True
92,58352,2,False
773,107805,5,True
604,117538,4,True
106,62078,3,True
385,84780,3,True
33,106012,2,False
141,120515,5,True
533,120802,5,True
719,68745,3,True
932,73611,5,True
387,61624,1,False
265,67020,3,False
154,103803,1,True
9,73611,3,True
962,90838,2,True
108,85048,1,True
839,90304,5,True
296,69282,3,False
211,82668,3,False
767,94707,4,True
89,93499,4,True
49,84780,4,False
506,108589,3,False
505,88632,1,False
723,69478,3,True
266,103394,1,False
861,62347,4,False
371,98179,4,True
590,92662,5,False
711,93484,1,True
487,67778,4,True
188,73706,3,False
383,87525,4,True
41,63656,5,True
394,84490,1,True
542,65112,1,True
630,123127,3,True
718,65330,2,False
986,72836,1,True
747,104363,1,True
226,84638,3,True
387,104711,4,False
30,84860,5,True
389,88690,3,False
259,116770,2,False
707,109137,1,False
35,110132,2,True
464,58352,5,False
89,61624,2,True
278,114325,2,True
753,81085,5,True
155,118264,3,True
788,99389,2,False
112,87767,4,False
554,124321,5,False
221,94143,2,True
65,101431,3,True
235,62078,5,False
719,91933,4,False
160,70660,5,True
650,105567,5,True
602,126341,5,False
733,84638,2,True
154,124321,4,True
65,118109,4,True
266,90304,2,False
927,108246,1,False
573,63783,5,True
529,77614,1,True
7,99866,4,False
656,80521,2,True
711,90075,4,False
407,100250,3,True
530,107805,5,False
847,68783,5,True
201,115485,3,True
888,116517,2,True
583,109137,5,True
712,82415,2,True
75,107094,1,True
532,110877,1,True
382,88793,4,True
80,120802,3,False
251,86874,2,False
428,123979,5,True
118,90075,3,False
311,68745,1,False
546,103316,3,True
311,96504,2,False
171,105300,4,False
695,110197,2,False
854,73185,4,False
34,72573,2,True
800,79458,2,False
564,120347,5,False
332,82239,2,True
88,80521,5,True
183,125943,3,True
136,70978,3,False
861,102281,5,False
193,99423,1,False
757,80032,4,True
812,70978,5,False
661,74725,5,False
501,98050,2,True
251,104803,5,True
328,100477,5,False
478,78803,2,False
888,98789,3,True
444,120802,4,True
559,116237,3,False
566,129373,3,False
939,107206,4,False
697,64409,5,True
544,105403,3,True
431,105567,1,False
933,61349,2,True
904,97605,4,True
526,117070,4,False
251,101866,2,False
229,99400,4,False
389,93228,4,False
562,67778,4,False
698,90838,5,True
503,105762,1,False
530,83555,4,True
643,88793,4,True
521,79458,1,True
101,82676,1,False
746,100477,5,False
488,86600,4,True
18,57795,1,False
694,85985,1,False
826,92887,1,False
991,105580,3,True
883,63974,2,True
326,68225,2,True
449,62701,4,False
829,108298,1,False
376,101170,5,True
602,107339,2,True
341,78803,4,False
311,94143,4,False
960,75252,1,True
83,120347,5,True
695,89134,5,True
615,86301,2,False
451,74888,5,True
551,106126,2,False
899,57264,2,True
25,69294,5,False
863,94627,2,False
244,120802,3,False
311,62347,5,False
451,86301,3,True
601,61712,1,True
746,70748,5,False
389,82676,2,True
769,113780,2,False
35,84379,5,False
447,108589,2,False
405,128433,3,False
348,76757,4,True
178,97506,2,True
639,78803,4,False
487,103371,1,True
842,88373,2,True
689,107094,1,True
268,127030,1,False
92,64415,2,True
962,99389,4,False
297,75705,5,False
546,120713,4,True
874,90742,4,True
891,127030,1,False
314,99210,2,False
325,63783,1,True
852,127030,4,True
876,74324,5,True
651,63656,2,True
952,129293,2,True
188,102294,1,True
238,96543,3,False
46,80446,4,False
791,89617,3,True
750,95403,3,True
278,87634,1,True
952,90483,5,False
933,83620,4,True
729,66481,2,True
934,107758,1,False
67,106195,3,True
509,90803,3,True
12,97600,3,False
771,61394,4,True
401,79245,5,True
155,72093,4,True
344,119339,3,True
468,92521,4,False
633,83225,4,False
736,84638,4,True
44,119242,2,True
24,63584,1,True
695,85168,5,True
446,98789,2,True
488,62178,3,False
796,118109,5,False
874,92662,1,False
193,90742,4,True
447,59905,4,True
62,60393,5,True
512,73185,2,False
932,113214,4,False
533,63974,5,True
243,109137,5,True
686,100881,5,True
265,109051,2,True
39,122915,5,False
223,72182,4,False
